Full Name,Primary Company,Seed Valuation,A Valuation,B Valuation,Valuation Increase
Chad Hurley,YouTube,0,"14,000,000.00","88,400,000.00",6.314285714
Gwyneth Paltrow,Goop Inc.,0,"40,000,000.00","65,000,000.00",1.625
Jason Calacanis,Inside.com,"$7,000,000.00 ","11,250,000.00",0,#VALUE!
Tony Fadell,Nest Labs,"$2,700,000.00 ","49,210,000.00","288,120,000.00",5.854907539
Matt Mullenweg,Automattic,0,"8,650,000.00","238,590,000.00",27.58265896
Eric Lefkofsky,Tempus,0,"82,500,000.00",0,#VALUE!
Kevin Systrom,Instagram,"$2,600,000.00 ","32,000,000.00","500,000,000.00",15.625
Matt Humphrey,LendingHome,0,"33,820,000.00","173,970,000.00",5.143997635
Dustin Moskovitz,Asana,0,"52,260,000.00","310,000,000.00",5.931879066
Jan Koum,WhatsApp,0,"40,290,000.00","1,630,000,000.00",40.456689
Rob May,Talla,"$10,070,000.00 ","20,000,000.00",0,#VALUE!
Brian Wong,Kiip,"$590,000.00 ","11,170,000.00","35,540,000.00",3.181736795
Jason Tan,Sift Science,0,"20,170,000.00","80,350,000.00",3.983639068
Sandeep Aggarwal,Droom Technology Private Limited,0,0,"225,000,000.00",#VALUE!
Payal Kadakia,ClassPass,"$15,580,000.00 ","80,000,000.00","414,500,000.00",5.18125
Brendan Iribe,Oculus,0,"46,000,000.00","287,440,000.00",6.248695652
Tom Chavez,Krux,"$9,590,000.00 ","28,920,000.00","254,100,000.00",8.786307054
Tina Sharkey,Brandless,"$14,900,000.00 ","35,500,000.00","105,000,000.00",2.957746479
Emmett Shear,Twitch,"$1,050,000.00 ","24,190,000.00","61,020,000.00",2.522529971
Jon Miller,Engagio,0,"32,000,000.00","100,000,000.00",3.125
Don Ressler,Fabletics,0,"210,000,000.00","316,000,000.00",1.504761905
Jonah Goodhart,Moat,0,0,"53,800,000.00",#VALUE!
Ron Gula,"Tenable Network Security, Inc.",0,"550,000,000.00",0,#VALUE!
Pau Sabria,Olapic,"$5,480,000.00 ","22,290,000.00","57,380,000.00",2.574248542
Jack Conte,Patreon,"$7,980,000.00 ","65,500,000.00","140,000,000.00",2.13740458
Liz Wessel,WayUp,"$5,110,000.00 ","34,470,000.00","55,500,000.00",1.610095735
Vlad Tenev,Robinhood,0,"61,500,000.00","250,000,000.00",4.06504065
Chris Milk,WITHIN (VR/AR),0,"40,420,000.00","150,000,000.00",3.711034142
Alex Fielding,Ripcord,"$2,000,000.00 ","24,910,000.00","87,000,000.00",3.492573264
Will Marshall,Planet,0,"53,420,000.00","468,000,000.00",8.760763759
Ron Gutman,HealthTap,0,0,"77,430,000.00",#VALUE!
Tony Xu,DoorDash,0,"71,550,000.00","600,000,000.00",8.385744235
Andy Palmer,Tamr,"$8,720,000.00 ","35,000,000.00","154,910,000.00",4.426
Pete Cashmore,Mashable,0,"70,000,000.00","150,000,000.00",2.142857143
David Friedberg,The Climate Corporation,0,0,"192,110,000.00",#VALUE!
Marcelo Camberos,ipsy,0,"20,690,000.00","800,000,000.00",38.66602223
Philip Krim,Casper Sleep,"$7,220,000.00 ","59,090,000.00","555,000,000.00",9.392452192
Noah Kraft,Doppler Labs,"$20,000,000.00 ","85,000,000.00","235,000,000.00",2.764705882
Amy Chang,Accompany,0,"25,000,000.00","200,000,000.00",8
Steve Shillingford,Anonyome Labs,"$3,280,000.00 ","39,740,000.00","68,000,000.00",1.711122295
David Rogier,MasterClass,"$8,620,000.00 ",0,"61,190,000.00",#VALUE!
Ryan Smith,Qualtrics,0,0,"1,000,000,000.00",#VALUE!
Nick Huzar,OfferUp,0,"13,300,000.00","66,900,000.00",5.030075188
Emily Weiss,Glossier,"$10,000,000.00 ","35,000,000.00","130,000,000.00",3.714285714
Nirav Tolia,Nextdoor,0,"23,650,000.00","31,400,000.00",1.32769556
Balaji S. Srinivasan,21 Inc,0,"25,050,000.00","275,000,000.00",10.97804391
Danielle Morrill,Mattermark,0,"25,000,000.00","42,300,000.00",1.692
Seth Sternberg,Honor,0,"66,000,000.00","160,000,000.00",2.424242424
Jen Rubio,Away,"$7,200,000.00 ","40,000,000.00","120,000,000.00",3
Curtis Lee,Luxe,"$18,000,000.00 ","70,000,000.00","160,000,000.00",2.285714286
Greg Duffy,Dropcam,0,0,"56,490,000.00",#VALUE!
Stefan Heck,"Nauto, Inc.",0,"36,000,000.00",0,#VALUE!
Karl Mehta,EdCast,0,"17,570,000.00","71,000,000.00",4.040978941
Joshua Reeves,Gusto,"$32,590,000.00 ","127,530,000.00","560,000,000.00",4.391123657
Bret Taylor,Quip,0,"94,730,000.00","377,310,000.00",3.983004328
Melody McCloskey,StyleSeat,"$15,950,000.00 ","42,510,000.00","119,310,000.00",2.806633733
Tyler Droll,Yik Yak,0,"44,240,000.00","400,520,000.00",9.053345389
Baiju Prafulkumar Bhatt,Robinhood,0,"61,500,000.00","250,000,000.00",4.06504065
Dennis Mortensen,x.ai,"$7,440,000.00 ","34,130,000.00","87,370,000.00",2.559917961
Max Ventilla,AltSchool,"$6,600,000.00 ","92,980,000.00","325,000,000.00",3.49537535
Zain Jaffer,Vungle,0,"20,950,000.00","101,190,000.00",4.830071599
Ben Marcus,AirMap,"$12,960,000.00 ","48,470,000.00","115,260,000.00",2.377965752
Mike Farley,Tile,"$51,310,000.00 ","54,310,000.00","166,670,000.00",3.068863929
David Niu,TINYhr,"$17,500,000.00 ","70,000,000.00",0,#VALUE!
Jeremy Johnson,Andela,0,"33,830,000.00","112,000,000.00",3.310671002
David Cancel,Drift,0,"45,130,000.00",0,#VALUE!
Mikita Mikado,Quote Roller,0,"23,860,000.00","70,000,000.00",2.933780386
Kamakshi Sivaramakrishnan,Drawbridge Inc.,0,"15,840,000.00","99,000,000.00",6.25
Anthony Casalena,Squarespace,0,"133,410,000.00","560,910,000.00",4.204407466
Davis Smith,Cotopaxi,"$11,460,000.00 ","18,840,000.00",0,#VALUE!
Suhail Doshi,Mixpanel,0,"32,890,000.00","865,000,000.00",26.29978717
Tariq Hilaly,"Lumity, Inc.","$15,250,000.00 ","41,160,000.00","87,220,000.00",2.119047619
Michael Wystrach,Freshly,"$11,590,000.00 ","28,000,000.00","70,000,000.00",2.5
Hovhannes Avoyan,PicsArt,0,"52,330,000.00","250,000,000.00",4.777374355
Michael Katz,mParticle,"$26,500,000.00 ","40,550,000.00","64,290,000.00",1.585450062
Aakrit Vaish,Haptik,0,"4,000,000.00",0,#VALUE!
Dan Teran,Managed by Q,"$12,570,000.00 ","80,430,000.00","125,000,000.00",1.554146463
Jay Chaudhry,Zscaler,0,0,"88,123,000.00",#VALUE!
Alex Laats,Rekener Inc.,"$10,700,000.00 ",0,0,#VALUE!
David Vivero,Amino,"$3,500,000.00 ","7,380,000.00","55,270,000.00",7.489159892
Jim Barnett,Glint,0,"20,670,000.00","38,170,000.00",1.846637639
Andrew Levy,Apteligent,0,"15,120,000.00","53,880,000.00",3.563492063
Marcin Kleczynski,Malwarebytes,0,"150,000,000.00","625,000,000.00",4.166666667
Ben Rubin,Houseparty,0,"12,930,000.00","54,000,000.00",4.176334107
Michael Buckwald,Leap Motion,"$7,600,000.00 ","51,000,000.00","310,000,000.00",6.078431373
Michael Wayne,Kin Community,0,"10,000,000.00","54,000,000.00",5.4
Craig Walker,Dialpad,0,"14,440,000.00","54,000,000.00",3.739612188
Meron Gribetz,Meta,0,"72,000,000.00","300,000,000.00",4.166666667
Justin Yoshimura,500Friends,0,"19,140,000.00",0,#VALUE!
Seth Birnbaum,EverQuote,0,"3,100,000.00","220,000,000.00",70.96774194
Tim Junio,"Qadium, Inc.",0,"69,000,000.00","320,000,000.00",4.637681159
Loic Le Meur,Leade.rs,"$2,400,000.00 ",0,0,#VALUE!
Michael Laskoff,Annum Health,"$8,500,000.00 ",0,0,#VALUE!
Andrew Filev,Wrike,0,"45,000,000.00","125,000,000.00",2.777777778
Ori Eisen,Trusona,0,"21,050,000.00","50,000,000.00",2.375296912
Hicham Oudghiri,Enigma,"$3,350,000.00 ",0,0,#VALUE!
Scott Walchek,TrÅ?v,0,"9,700,000.00","12,850,000.00",1.324742268
Hyungseok Dino Ha,Memebox Corporation,0,"31,192,000.00","100,000,000.00",3.205950244
Dan Shapiro,Glowforge,0,"29,000,000.00","174,000,000.00",6
Ron Palmeri,Layer,0,"63,700,000.00","45,000,000.00",0.706436421
Nick Weaver,eero,"$14,000,000.00 ","40,000,000.00","125,000,000.00",3.125
Stephen Russell,Prism Skylabs,0,"42,040,000.00","70,000,000.00",1.665080875
Alex Blumberg,Gimlet Media,0,"30,000,000.00","74,000,000.00",2.466666667
Henry Ward,eShares,"$6,300,000.00 ","23,910,000.00","75,000,000.00",3.136762861
Sue Khim,Brilliant.org,0,"4,300,000.00","19,300,000.00",4.488372093
Munjal Shah,Health Equity Labs,"$10,970,000.00 ",0,"44,000,000.00",#VALUE!
Ali Diab,Collective Health,0,0,"107,000,000.00",#VALUE!
Jess Lee,Polyvore,0,0,"14,130,000.00",#VALUE!
Ross Bailey,Appear Here,"$5,500,000.00 ","16,000,000.00","32,000,000.00",2
Ari Mir,Clutter,"$7,700,000.00 ","25,000,000.00","76,000,000.00",3.04
James Crawford,"Orbital Insight, Inc.",0,"42,000,000.00","80,000,000.00",1.904761905
Stephen Dash,Credible,0,"58,000,000.00",0,#VALUE!
Brit Morin,Brit + Co,0,"22,000,000.00","75,000,000.00",3.409090909
Isaac Oates,Justworks,0,"35,000,000.00","70,000,000.00",2
Jerry Hum,Touch of Modern,"$4,000,000.00 ","9,000,000.00","41,000,000.00",4.555555556
Robin Chase,Zipcar,0,"4,270,000.00","5,500,000.00",1.288056206
Michael Winn,DroneDeploy,"$13,000,000.00 ","33,000,000.00","83,000,000.00",2.515151515
Sean Spector,"Dropoff, Inc.",0,"17,500,000.00","34,000,000.00",1.942857143
Horace Luke,Gogoro,0,0,"130,000,000.00",#VALUE!
Chris Herbert,TrackR,"$14,133,000.00 ",0,0,#VALUE!
Maureen Fan,Baobab Studios,0,"24,000,000.00","75,000,000.00",3.125
Steph Korey,Away,"$7,200,000.00 ","40,000,000.00","120,000,000.00",3
Trevor Traina,IfOnly,0,"30,000,000.00","84,000,000.00",2.8
Louay Eldada,Quanergy Systems,"$16,000,000.00 ","110,000,000.00","1,140,000,000.00",10.36363636
Jasen Wang,Makeblock,"$420,000,000.00 ",0,"200,000,000.00",#VALUE!
Jeff Tangney,Doximity,0,"37,000,000.00","78,000,000.00",2.108108108
Ross McCray,VideoAmp,"$9,500,000.00 ","43,000,000.00","85,000,000.00",1.976744186
Amit Sharma,Narvar,"$8,000,000.00 ","33,000,000.00","147,000,000.00",4.454545455
Rami Essaid,Distil Networks,"$6,000,000.00 ","24,000,000.00","140,000,000.00",5.833333333
Joe Fernandez,Joymode,"$8,300,000.00 ",0,0,#VALUE!
Zoe Barry,ZappRx,0,"34,000,000.00","65,000,000.00",1.911764706
Yan-David Erlich,Parsable,0,"20,440,000.00","76,660,000.00",3.750489237
Andrew Leto,GlobalTranz,0,"40,111,000.00","125,000,000.00",3.116352123
Michael Jaconi,Button,"$8,500,000.00 ","48,560,000.00","99,230,000.00",2.0434514
Mike Sha,Wikinvest,0,"32,000,000.00","26,000,000.00",0.8125
Ashvin Kumar,"Tophatter, Inc.","$5,730,000.00 ","40,000,000.00","12,000,000.00",0.3
Momchil Kyurkchiev,Leanplum,0,"19,720,000.00","50,970,000.00",2.584685598
Brian Brackeen,Kairos AR,0,"5,110,000.00","14,520,000.00",2.84148728
Kevin Gibbon,Shyp,"$7,970,000.00 ","40,000,000.00","275,000,000.00",6.875
Daniel Ruch,Rocketrip,0,"13,420,000.00","23,000,000.00",1.713859911
Matt Riley,Swiftype,0,"30,000,000.00","70,000,000.00",2.333333333
Lew Cirne,New Relic,0,"15,000,000.00","44,630,000.00",2.975333333
Vasu Kulkarni,Krossover,"$2,130,000.00 ","14,000,000.00","17,760,000.00",1.268571429
Will Ahmed,WHOOP,"$10,800,000.00 ","23,000,000.00","48,000,000.00",2.086956522
Steve Polsky,Juvo,0,"49,000,000.00",0,#VALUE!
Anthemos Georgiades,Zumper,0,"87,000,000.00","108,000,000.00",1.24137931
Dan Widmaier,Bolt Threads,0,"18,620,000.00","100,120,000.00",5.377013963
Immad Akhund,Heyzap,0,"2,450,000.00","27,000,000.00",11.02040816
Jesse Vollmar,FarmLogs,"$3,600,000.00 ","13,770,000.00","50,000,000.00",3.631082062
Amir Husain,SparkCognition,"$2,500,000.00 ","93,120,000.00","302,050,000.00",3.243664089
Travis Katz,Trip.com,0,"17,700,000.00","85,220,000.00",4.814689266
John Lauer,Zipwhip,0,"8,700,000.00","30,360,000.00",3.489655172
Moshe Yanai,INFINIDAT,0,0,"1,200,000,000.00",#VALUE!
Nat Friedman,Xamarin,0,0,"110,600,000.00",#VALUE!
Zachary Sims,Codecademy,0,"16,000,000.00","61,660,000.00",3.85375
David Shim,Placed,0,"10,460,000.00",0,#VALUE!
Zac Bookman,OpenGov,"$2,000,000.00 ","12,000,000.00","63,740,000.00",5.311666667
Oren J. Falkowitz,Area 1 Security,"$9,460,000.00 ","26,240,000.00","70,240,000.00",2.676829268
Sam Rosen,MakeSpace,"$8,000,000.00 ","27,210,000.00","50,040,000.00",1.839029768
Jens Christensen,Jaunt,0,"25,000,000.00","95,000,000.00",3.8
Rehan Jalil,Elastica,0,"20,300,000.00","113,940,000.00",5.612807882
Jessica Mah,inDinero,0,"16,070,000.00","40,000,000.00",2.489110143
Jon Bischke,Entelo,0,"7,000,000.00","16,750,000.00",2.392857143
Michael Wolfe,Pipewise,0,"17,000,000.00",0,#VALUE!
Tim Tuttle,MindMeld,"$14,200,000.00 ","54,000,000.00",0,#VALUE!
Suren Markosian,Epic!,0,"15,000,000.00","47,000,000.00",3.133333333
Omar Siddiqui,"Kiwi, Inc.",0,"22,000,000.00","82,000,000.00",3.727272727
Jessica Richman,uBiome,0,"14,650,000.00","65,000,000.00",4.436860068
Gregg Brockway,Chairish,"$12,000,000.00 ","22,500,000.00","36,000,000.00",1.6
Bart Lorang,FullContact,0,"5,600,000.00","21,000,000.00",3.75
Joshua Viner,Wag,"$10,000,000.00 ","33,000,000.00",0,#VALUE!
Aloke Bajpai,ixigo.com,0,"25,000,000.00",0,#VALUE!
Joe Greenstein,Flixster,0,"26,000,000.00","88,000,000.00",3.384615385
Jim Marggraff,Eyefluence,0,"21,710,000.00","49,000,000.00",2.257024413
Victor Ho,FiveStars,0,"$52.410,000","114,000,000.00",#VALUE!
Clara Shih,Hearsay Systems,0,"9,200,000.00","38,090,000.00",4.140217391
Robbie Cape,98point6,"$14,070,000.00 ",0,0,#VALUE!
Stephanie Horbaczewski,StyleHaul,0,"13,440,000.00","48,560,000.00",3.613095238
Garrett Lord,Handshake,"$6,500,000.00 ","27,880,000.00","54,000,000.00",1.93687231
Rohit Gupta,Palerra Inc.,0,"19,000,000.00","53,000,000.00",2.789473684
Diaz Nesamoney,Jivox,0,"19,000,000.00","9,740,000.00",0.512631579
Jon Sobel,Sight Machine,0,"11,570,000.00","16,770,000.00",1.449438202
Mayank Bawa,Aster Data Systems,"$4,000,000.00 ","19,000,000.00","97,500,000.00",5.131578947
Yoav Kutner,Oro Inc.,0,"40,000,000.00",0,#VALUE!
Hakan Bas,Lidyana.com,0,"11,000,000.00","27,000,000.00",2.454545455
Eric Alterman,flowthings.io,0,"8,360,000.00",0,#VALUE!
Carlos Watson,Ozy Media,"$15,500,000.00 ","40,000,000.00","135,000,000.00",3.375
Ashish Hemrajani,BookMyShow,0,0,"167,000,000.00",#VALUE!
Todd Olson,Pendo,0,"24,000,000.00","100,000,000.00",4.166666667
David Rusenko,Weebly,0,"3,000,000.00","230,000,000.00",76.66666667
Brian Ballard,Upskill (formerly APX Labs),0,"51,000,000.00","67,000,000.00",1.31372549
Logan LaHive,Belly,0,"3,000,000.00","79,000,000.00",26.33333333
Mike Bergelson,Everwise,"$10,000,000.00 ","23,500,000.00","67,000,000.00",2.85106383
Michael Ellenbogen,Evolv Technology,0,"44,800,000.00","28,000,000.00",0.625
Matt Barnard,Plenty Inc.,0,"52,000,000.00","500,000,000.00",9.615384615
Assaf Biderman,Superpedestrian,0,"23,200,000.00",0,#VALUE!
Sarah Nahm,Lever,0,"50,000,000.00","100,000,000.00",2
Andrew Feldman,SeaMicro,"$22,000,000.00 ","37,000,000.00","93,730,000.00",2.533243243
Niraj Shah,Wayfair,0,0,"2,010,000,000.00",#VALUE!
Moshe Vaknin,YouAppi,"$4,000,000.00 ","10,000,000.00","50,000,000.00",5
Aaron Hirschhorn,DogVacay,"$5,000,000.00 ","20,350,000.00","141,600,000.00",6.958230958
Harry Glaser,Periscope Data,0,"37,000,000.00","100,000,000.00",2.702702703
Eric Frenkiel,MemSQL,"$15,630,000.00 ","37,290,000.00","160,000,000.00",4.290694556
Jim Fowler,"Owler, Inc.",0,0,"64,310,000.00",#VALUE!
Yair Goldfinger,AppCard,0,"30,000,000.00",0,#VALUE!
Aron Gelbard,Bloom & Wild,"$2,380,000.00 ","15,000,000.00",0,#VALUE!
Christophe Bisciglia,WibiData,0,"33,000,000.00","67,000,000.00",2.03030303
Mike Silagadze,Top Hat,0,"15,000,000.00",0,#VALUE!
Mingming Zhu,Rokid,0,0,"450,000,000.00",#VALUE!
Ethan Anderson,MyTime,0,"16,000,000.00",Nan,#VALUE!
Kevin MacDonald,Kit Check,0,"12,000,000.00","56,000,000.00",4.666666667
Parker Conrad,Zenefits,0,"64,000,000.00","566,000,000.00",8.84375
Josh Switkes,Peloton Technology,"$5,060,000.00 ","45,410,000.00","186,620,000.00",4.109667474
Ronen Lazar,INTURN,"$1,000,000.00 ","52,000,000.00","110,000,000.00",2.115384615
Ann Johnson,Interana,0,"37,000,000.00","88,370,000.00",2.388378378
Steve McCanne,Jut Inc,0,"10,500,000.00","91,650,000.00",8.728571429
Yinglian Xie,DataVisor,0,"15,740,000.00","51,740,000.00",3.287166455
Anil Stocker,MarketInvoice,"$9,500,000.00 ","55,000,000.00",0,#VALUE!
Rajiv Khemani,Innovium Inc,0,"33,270,000.00","98,450,000.00",2.959122332
Drew McElroy,Transfix,"$6,410,000.00 ","25,810,000.00","62,000,000.00",2.402169702
Joseph Fasone,Pilot,"$16,000,000.00 ","74,550,000.00","92,630,000.00",1.242521797
Allan Wille,Klipfolio,"$5,430,000.00 ",0,0,#VALUE!
Philippe Gelis,Kantox,0,"26,600,000.00",0,#VALUE!
Mark Trefgarne,LiveRail,0,"11,490,000.00","56,000,000.00",4.873803307
Nate Quigley,Chatbooks,"$11,200,000.00 ","24,000,000.00","56,500,000.00",2.354166667
Noah Lang,stride health,0,"40,000,000.00","88,500,000.00",2.2125
Royce Disini,Mobcrush,"$11,630,000.00 ","55,620,000.00","102,090,000.00",1.835490831
Tim Hwang,FiscalNote,0,"20,000,000.00","72,000,000.00",3.6
Frank Mycroft,Booster Fuels,"$12,000,000.00 ","29,150,000.00","100,000,000.00",3.430531732
Girish Pancha,StreamSets,0,"25,500,000.00","80,000,000.00",3.137254902
Steven Cox,TakeLessons,"$6,800,000.00 ",0,"25,000,000.00",#VALUE!
Aaron Bell,AdRoll,0,"13,000,000.00","8,380,000.00",0.644615385
Jeff Haynie,Pinpoint,0,"78,000,000.00","155,250,000.00",1.990384615
Paula Long,DataGravity,0,"34,000,000.00","121,000,000.00",3.558823529
David Gandler,fuboTV,"$4,150,000.00 ","15,500,000.00","60,000,000.00",3.870967742
Duncan Lennox,Qstream,0,"18,820,000.00","75,000,000.00",3.98512221
Fadzarudin Anuar,FashionValet,"$1,000,000.00 ",0,0,#VALUE!
Vincent Mallet,Color Labs Inc.,0,"28,000,000.00","7,000,000.00",0.25
John Kobs,Apartment List,"$12,000,000.00 ","87,480,000.00","137,000,000.00",1.566072245
Ryan Carson,Treehouse Island,"$24,300,000.00 ","30,730,000.00","41,920,000.00",1.364139278
Timothy Ericson,Zagster,"$4,370,000.00 ","22,500,000.00","33,000,000.00",1.466666667
Sunny Gupta,Apptio,"$16,000,000.00 ","23,000,000.00","60,000,000.00",2.608695652
Naveen Gupta,BirdEye,0,"36,000,000.00","110,000,000.00",3.055555556
Andy Ory,Acme Packet,"$9,830,000.00 ","12,000,000.00","86,000,000.00",7.166666667
Awais Nemat,PLUMgrid,"$12,000,000.00 ","23,000,000.00","42,310,000.00",1.839565217
Brynne Kennedy,MOVE Guides,"$7,000,000.00 ","20,000,000.00","36,780,000.00",1.839
Rajesh Ramanand,Signifyd,"$11,440,000.00 ","23,310,000.00","95,500,000.00",4.096954097
Ryan Watts,Denali Therapeutics,0,"269,690,000.00","1,130,000,000.00",4.189995921
Amir Haleem,Helium Systems,0,"40,680,000.00","81,000,000.00",1.991150442
Blair Harrison,Frequency,0,"28,860,000.00",0,#VALUE!
Bhavin Shah,Refresh.io,0,"8,000,000.00","34,000,000.00",4.25
Zach Supalla,Particle,"$14,000,000.00 ","26,000,000.00","70,000,000.00",2.692307692
Michael Tiffany,White Ops,0,"29,000,000.00","71,000,000.00",2.448275862
Hesky Kutscher,CareDox,0,"19,450,000.00",0,#VALUE!
Robert Beaver,Zazzle,0,"60,000,000.00","259,000,000.00",4.316666667
Chris Bolte,Paysa,"$16,340,000.00 ",0,0,#VALUE!
Justin Zhu,Iterable,0,"28,000,000.00","125,000,000.00",4.464285714
Prakash Nanduri,Paxata,0,"10,000,000.00","35,000,000.00",3.5
Ben Anderson,Amino Apps,"$3,000,000.00 ","22,000,000.00","55,000,000.00",2.5
Laszlo Kishonti,AImotive,"$10,020,000.00 ",0,0,#VALUE!
Tyler Bosmeny,Clever,0,"49,000,000.00","248,000,000.00",5.06122449
Marc Worth,Stylus Media,"$22,360,000.00 ",0,0,#VALUE!
John Payne,CircleUp,"$7,320,000.00 ",0,0,#DIV/0!
Lance Smith,Primary Data,0,"12,000,000.00","150,000,000.00",12.5
Steve Nasiri,InvenSense,0,"20,000,000.00","48,000,000.00",2.4
Dan Burkhart,Recurly,"$5,360,000.00 ","19,000,000.00","58,000,000.00",3.052631579
Michel Feaster,Usermind,0,"24,000,000.00","60,000,000.00",2.5
Stephan Heller,WATCHMASTER,"$5,000,000.00 ","18,000,000.00",0,#VALUE!
Chris Ovitz,Workpop,"$6,880,000.00 ","26,000,000.00",0,#VALUE!
Amitabh Sinha,Workspot,0,"14,000,000.00","28,000,000.00",2
Nancy Hua,Apptimize,0,"21,000,000.00","36,000,000.00",1.714285714
Guru Pangal,CloudSimple,0,"40,000,000.00","85,000,000.00",2.125
Oliver Roup,VigLink,"$2,000,000.00 ","5,000,000.00","20,000,000.00",4
Yuri Frayman,ZENEDGE,0,"7,700,000.00","14,000,000.00",1.818181818
"Jason Langheier, MD, MPH",Zipongo,0,"23,000,000.00","51,000,000.00",2.217391304
Jonathan Mendez,Yieldbot,"$4,310,000.00 ","30,000,000.00","68,000,000.00",2.266666667
Ben Jacobs,Whistle,0,"21,000,000.00","27,000,000.00",1.285714286
Rachel E. Haurwitz,Caribou Biosciences,0,"29,000,000.00","144,000,000.00",4.965517241
David Yeom,Hollar,0,"50,000,000.00","104,000,000.00",2.08
Guido Kovalskys,Nearpod,0,"39,000,000.00","105,000,000.00",2.692307692
Tasso Roumeliotis,Wave Market,0,"18,000,000.00","31,000,000.00",1.722222222
Florian Douetteau,Dataiku,"$17,000,000.00 ","47,000,000.00","154,000,000.00",3.276595745
Josh Reich,Simple Finance Technology,0,"10,000,000.00","40,000,000.00",4
Mona Bijoor,"JOOR, Inc.",0,"10,000,000.00","58,000,000.00",5.8
Ian Crosby,Bench Accounting,"$7,000,000.00 ",0,0,#VALUE!
Borja Rossell,Verse,"$6,000,000.00 ","33,000,000.00","95,000,000.00",2.878787879
Anmol Madan,Ginger.io,"$6,000,000.00 ","18,000,000.00","50,000,000.00",2.777777778
Michael Simon,LogMeIn,0,"18,000,000.00","35,000,000.00",1.944444444
Chris Tolles,Topix,0,"89,000,000.00",0,#VALUE!
Joshua Hoffman,Zymergen,0,"89,000,000.00","471,000,000.00",5.292134831
Paul Doersch,Kespry Inc.,0,"33,000,000.00","68,000,000.00",2.060606061
Matthew Bencke,Mighty AI,"$16,000,000.00 ","85,000,000.00",0,#VALUE!
David Gorodyansky,AnchorFree,0,"26,000,000.00","11,000,000.00",0.423076923
Eben Frankenberg,Echodyne,0,"38,000,000.00","94,000,000.00",2.473684211
Kevin Busque,Guideline Technologies Inc.,0,"27,000,000.00","85,000,000.00",3.148148148
Aashish Dalal,ParkWhiz,0,"9,500,000.00","7,300,000.00",0.768421053
Prayag Narula,LeadGenius,"$17,000,000.00 ","25,000,000.00","43,000,000.00",1.72
Gary Beasley,DwellConnect,0,"42,000,000.00","100,000,000.00",2.380952381
Andre Durand,Ping Identity Corporation,0,"10,000,000.00","18,000,000.00",1.8
Ajay Prakash,Rinse,"$10,000,000.00 ","18,000,000.00","42,000,000.00",2.333333333
Michael Yavonditte,Yieldmo,0,"7,740,000.00","28,000,000.00",3.617571059
Alain Falys,Yoyo Wallet,"$8,860,000.00 ",0,0,#VALUE!
Rodney Rogers,Virtustream,0,"75,000,000.00","138,000,000.00",1.84
Chuck Ganapathi,Tact,0,"47,500,000.00","35,000,000.00",0.736842105
Marcus Ryu,Guidewire Software,0,"8,570,000.00","58,000,000.00",6.767794632
Brad Birnbaum,Kustomer,"$13,000,000.00 ","23,000,000.00",0,#VALUE!
Shoaib Makani,KeepTruckin,0,"30,000,000.00","68,000,000.00",2.266666667
Roy Burstin,MiTu Network,0,"12,000,000.00","59,000,000.00",4.916666667
Mark Johnson,Descartes Labs,0,"25,000,000.00","160,000,000.00",6.4
Todd Sullivan,SpiritShop.com (ACQUIRED),"$5,000,000.00 ",0,0,#VALUE!
Mike Xu,GrubMarket Inc,"$4,000,000.00 ","19,000,000.00","79,000,000.00",4.157894737
Carlos Garcia,HYP3R,"$16,250,000.00 ",0,0,#VALUE!
David Blake,Degreed,0,"21,250,000.00","90,000,000.00",4.235294118
Dan Lynch,Stromedix,0,"7,000,000.00","34,000,000.00",4.857142857
Geoff Schmidt,Meteor,0,"38,000,000.00","76,000,000.00",2
Richard Rosenblatt,Whipclip / TV Time,"$5,000,000.00 ","30,000,000.00","150,000,000.00",5
Stephane Dubois,"Xignite, Inc.",0,"10,000,000.00","44,000,000.00",4.4
Carlos Diaz,Kwarter,0,"16,000,000.00",0,#VALUE!
Stephen McHale,Explorys,0,"1,700,000.00","11,000,000.00",6.470588235
Eyal Waldman,Mellanox Technologies,0,0,"125,000,000.00",#VALUE!
Jen Andre,Komand,"$5,600,000.00 ",0,0,#VALUE!
Xander Oxman,Winc,"$7,000,000.00 ","40,000,000.00","63,000,000.00",1.575
Gaurav Munjal,Flat.to,"$2,500,000.00 ",0,0,#DIV/0!
Noah Brier,Percolate,"$8,000,000.00 ","39,000,000.00","134,000,000.00",3.435897436
Ari Roisman,Glide,0,0,"120,000,000.00",#VALUE!
Per Pettersen,Impact Radius,0,"5,000,000.00",0,#VALUE!
Konrad Feldman,Quantcast,0,"31,000,000.00","126,000,000.00",4.064516129
Oz Alon,HoneyBook,0,"4,500,000.00","30,000,000.00",6.666666667
Siva Kumar,"TheFind, Inc.",0,"18,300,000.00","19,000,000.00",1.038251366
Clarence Chui,"Outward, Inc.",0,"21,000,000.00","32,000,000.00",1.523809524
Kevin Merritt,Socrata,0,"18,000,000.00","60,500,000.00",3.361111111
Danny Leffel,Crew,"$12,000,000.00 ","21,000,000.00","76,000,000.00",3.619047619
James Hind,Carwow,0,"9,300,000.00","9,400,000.00",1.010752688
Neal Creighton,RatePoint,0,"13,000,000.00","25,000,000.00",1.923076923
Leigh Drogen,Estimize,"$6,000,000.00 ","20,000,000.00","36,000,000.00",1.8
Arijit Sengupta,BeyondCore,0,"28,500,000.00",0,#VALUE!
Ash Ashutosh,Actifio,0,"20,000,000.00","52,000,000.00",2.6
Scott Voigt,Homebase.io,"$860,000.00 ","32,000,000.00","95,000,000.00",2.96875
Aleksandr Yampolskiy,SecurityScorecard Inc.,"$5,000,000.00 ","28,000,000.00","71,000,000.00",2.535714286
Susan Tynan,Framebridge,"$6,000,000.00 ","37,500,000.00","57,500,000.00",1.533333333
Rick Morrison,Comprehend Systems,0,"19,000,000.00","92,000,000.00",4.842105263
Mike Hurst,Exactuals,0,"20,000,000.00",0,#VALUE!
Sasan Amini,Clear Labs,"$6,000,000.00 ","25,000,000.00","41,000,000.00",1.64
Gene Wang,People Power,"$4,420,000.00 ","8,000,000.00","25,000,000.00",3.125
Jason Liebman,Howcast,0,"25,000,000.00",0,#VALUE!
Maxim Lobovsky,Formlabs,"$5,000,000.00 ","116,000,000.00","274,000,000.00",2.362068966
Daniela Perdomo,GoTenna,"$5,000,000.00 ","22,500,000.00","33,000,000.00",1.466666667
Adam Odessky,Sense.ly,"$6,000,000.00 ","10,000,000.00","30,000,000.00",3
Blake Hall,ID.me,"$15,000,000.00 ","32,000,000.00","80,000,000.00",2.5
Aaron Gowell,SilverRail Technologies,0,"16,000,000.00","38,000,000.00",2.375
Javier de la Torre,CARTO,0,"30,000,000.00","100,000,000.00",3.333333333
Patrick Bosworth,Duetto,"$11,000,000.00 ","38,500,000.00","70,000,000.00",1.818181818
Liang Lu,5miles,0,0,"300,000,000.00",#VALUE!
George Bousis,Raise Marketplace,0,"25,000,000.00","93,000,000.00",3.72
Reza Mohsin,Speakeasy,"$5,500,000.00 ","20,500,000.00",0,#VALUE!
Rujul Zaparde,FlightCar,0,"47,000,000.00","105,000,000.00",2.234042553
Jay Radia,Yieldify,"$11,000,000.00 ","54,000,000.00",0,#VALUE!
Benzi Ronen,Farmigo,0,"6,000,000.00","56,000,000.00",9.333333333
Tim Weingarten,The Hunt,0,"19,500,000.00","34,500,000.00",1.769230769
Glen Coates,Handshake,"$6,500,000.00 ","28,000,000.00","54,000,000.00",1.928571429
Zachary Goldstein,Thanx,0,"21,000,000.00","46,000,000.00",2.19047619
Kevin Lustig,Scientist.com (formerly Assay Depot),0,"10,000,000.00","20,000,000.00",2
David Ronick,Stash,"$16,000,000.00 ","33,000,000.00","100,000,000.00",3.03030303
Osama Elkady,INCORTA,"$20,000,000.00 ","38,000,000.00","60,000,000.00",1.578947368
Alejandro Cosentino,Afluenta,0,"12,000,000.00",0,#VALUE!
Erik Fairbairn,Pod Point,"$31,500,000.00 ",0,0,#VALUE!
Damian Kimmelman,DueDil,0,"14,000,000.00","48,000,000.00",3.428571429
Jeff Flowers,SageCloud,"$10,000,000.00 ",0,"33,000,000.00",#VALUE!
Nathan Burba,Survios,0,"16,000,000.00","46,000,000.00",2.875
Brandon Rodman,Weave,"$630,000.00 ",0,0,#DIV/0!
Eldar Tuvey,Wandera,"$14,000,000.00 ","29,000,000.00",0,#VALUE!
Spencer Kimball,Cockroach Labs,"$26,400,000.00 ","145,000,000.00","268,000,000.00",1.848275862
Toby Olshanetsky,prooV,"$10,000,000.00 ","26,000,000.00","84,000,000.00",3.230769231
Brett Schulman,Cava Grill,0,"24,000,000.00","160,000,000.00",6.666666667
Scott Crouch,Mark43,"$6,000,000.00 ","28,000,000.00","116,000,000.00",4.142857143
Lisa Gersh,Goop Inc.,"$23,500,000.00 ","40,000,000.00","65,000,000.00",1.625
Narges Bani Asadi,Bina Technologies,0,"5,550,000.00","25,500,000.00",4.594594595
Assaf Resnick,BigPanda,"$4,000,000.00 ","23,000,000.00","66,540,000.00",2.893043478
Timothy Chi,WeddingWire,0,"14,220,000.00","26,500,000.00",1.863572433
Seth Lieberman,SnapApp,0,"48,000,000.00","60,000,000.00",1.25
Jud Bowman,Appia,"$7,210,000.00 ","74,550,000.00","108,000,000.00",1.448692153
Nessan Bermingham,Intellia Therapeutics,0,"40,000,000.00","240,000,000.00",6
Sean Grundy,Bevi,"$9,000,000.00 ","18,500,000.00","33,000,000.00",1.783783784
Matiss Ansviesulis,Creamfinance,0,0,"56,000,000.00",#VALUE!
Mike Whitmire,FloQast,0,"19,000,000.00","90,000,000.00",4.736842105
Oren Levy,Zooz,0,"10,000,000.00",0,#VALUE!
John West,Whistle Sports,0,"23,000,000.00","85,000,000.00",3.695652174
Juha Koponen,Swap.com,0,0,"56,000,000.00",#VALUE!
Tony Mamone,Livingly Media,0,"17,000,000.00","55,000,000.00",3.235294118
Alberto Sheinfeld,Payfully,"$5,000,000.00 ",0,0,#VALUE!
Javier Soltero,Acompli,0,"25,000,000.00","200,000,000.00",8
Avner Ronen,Boxee,0,"10,700,000.00","26,200,000.00",2.448598131
Denise Thomas,ApplePie Capital,"$12,000,000.00 ","27,500,000.00","56,000,000.00",2.036363636
Jason Oberfest,Mango Health,"$8,500,000.00 ","22,000,000.00","33,000,000.00",1.5
Babur Ozden,Maana,"$8,000,000.00 ","27,000,000.00","86,000,000.00",3.185185185
Jim Gilliam,NationBuilder,0,"23,000,000.00","90,000,000.00",3.913043478
Gregory Mark,Markforged,"$3,000,000.00 ","23,500,000.00","58,000,000.00",2.468085106
James Foster,ZeroFOX,"$8,000,000.00 ","30,500,000.00","170,000,000.00",5.573770492
Daniel Hegarty,Habito,"$7,500,000.00 ","25,000,000.00",0,#VALUE!
Alex Freedland,Mirantis,0,"61,000,000.00","555,550,000.00",9.107377049
Inder Singh,Kinsa,"$11,500,000.00 ","25,000,000.00","50,000,000.00",2
Chandran Sankaran,Zyme Solutions,0,"13,000,000.00","29,000,000.00",2.230769231
Sajith Wickramasekara,Benchling,0,"20,420,000.00","40,000,000.00",1.958863859
Eric Greenberg,Wrap Media,Nan,"10,000,000.00","40,500,000.00",4.05
Erik Eliason,storefront,"$10,000,000.00 ","27,540,000.00",0,#VALUE!
Nicholas Rellas,Drizly,"$11,430,000.00 ","50,000,000.00","75,000,000.00",1.5
Brian NeSmith,Arctic Wolf Networks,0,"36,000,000.00","105,000,000.00",2.916666667
John Ham,Ustream,0,"40,000,000.00",0,#VALUE!
Ben Katz,CARD.com,"$6,000,000.00 ","17,000,000.00","27,000,000.00",1.588235294
Omer Artun,AgilOne,"$17,500,000.00 ","51,000,000.00","115,500,000.00",2.264705882
Michael Huang,Glow,"$19,000,000.00 ","27,000,000.00","86,000,000.00",3.185185185
Asi Sharabi,Wonderbly,"$4,230,000.00 ",0,0,#VALUE!
Benny De-Kalo,Worthy,0,"26,300,000.00",0,#VALUE!
Ari Tulla,BetterDoctor,"$9,000,000.00 ","25,000,000.00","23,000,000.00",0.92
Phil Harris,Geofeedia,"$7,000,000.00 ","26,000,000.00","105,000,000.00",4.038461538
Bonnie Crater,Full Circle Insights,0,"8,500,000.00","26,000,000.00",3.058823529
Matt Zitzmann,Kamcord,0,"41,000,000.00","105,000,000.00",2.56097561
Matthew Bellows,Yesware,"$3,500,000.00 ","12,220,000.00","41,000,000.00",3.355155483
Paul Albright,Captora,0,"14,700,000.00","104,000,000.00",7.074829932
Martin Floreani,FloSports,0,"40,00,000","93,000,000.00",#VALUE!
Hugo Fiennes,Electric Imp,0,"27,000,000.00","62,000,000.00",2.296296296
Tal Weiss,OverOps,0,"12,000,000.00","57,000,000.00",4.75
Ross Shanken,Jornaya,"$6,000,000.00 ","32,000,000.00","50,000,000.00",1.5625
Don Spear,OpenSesame,0,"17,000,000.00",0,#VALUE!
Fred Shilmover,InsightSquared,0,"15,000,000.00","43,000,000.00",2.866666667
Chris Giordano,MiMedia,"$25,000,000.00 ","88,000,000.00","45,000,000.00",0.511363636
Mark T. Lynn,DSTLD,"$12,000,000.00 ","32,000,000.00",0,#VALUE!
Jason Brown,Tally Technologies,"$9,000,000.00 ","50,000,000.00",0,#VALUE!
Gregg Sando,Cell Medica,0,0,"104,000,000.00",#VALUE!
Ran Sarig,Datorama,0,"10,000,000.00","51,000,000.00",5.1
Asaf Somekh,iguazio,0,0,"100,000,000.00",#VALUE!
Michael Carvin,SmartAsset,"$8,000,000.00 ","20,000,000.00","61,000,000.00",3.05
Amit Chatterjee,Leap Commerce,0,"12,110,000.00",0,#VALUE!
Bob Richards,"Moon Express, Inc.",0,"10,000,000.00","40,000,000.00",4
Ethan Song,Frank & Oak,0,"16,200,000.00",0,#VALUE!
Jay Desai,PatientPing,0,"35,000,000.00","88,000,000.00",2.514285714
Kumar Mehta,Versa Networks,0,"35,000,000.00","116,000,000.00",3.314285714
Saki Dodelson,Achieve3000,0,"7,000,000.00","14,000,000.00",2
Brian Schechter,HowAboutWe,0,"60,150,000.00","54,000,000.00",0.897755611
Tony Zhao,Agora.io,0,0,"100,000,000.00",#VALUE!
David Soloff,Premise,"$8,500,000.00 ","16,000,000.00","55,000,000.00",3.4375
Alex Gorelik,Waterline Data,0,"15,000,000.00","42,000,000.00",2.8
Jeffrey Marrazzo,Spark Therapeutics,0,"70,000,000.00","133,000,000.00",1.9
Georg Petschnigg,FiftyThree,"$7,100,000.00 ","93,360,000.00","190,580,000.00",2.04134533
Amit Narayan,Autogrid,0,"6,530,000.00","17,350,000.00",2.656967841
Anand Babu Periasamy,"Minio, Inc.","$11,000,000.00 ","63,000,000.00",0,#VALUE!
Manu Mathew,Visual IQ,0,"12,130,000.00","33,180,000.00",2.735366859
T.J. Clark,TurnKey Vacation Rentals,"$17,070,000.00 ","42,500,000.00","65,000,000.00",1.529411765
Nick Francis,Help Scout,"$3,250,000.00 ","21,000,000.00","41,000,000.00",1.952380952
Rachel Carlson,Guild Education,0,0,"125,000,000.00",#VALUE!
Orazio Buzza,Fooda,0,"12,500,000.00","28,000,000.00",2.24
Bo Lu,FutureAdvisor,0,"18,000,000.00","47,000,000.00",2.611111111
Nikhil Sethi,Adaptly,"$4,000,000.00 ","14,000,000.00","47,000,000.00",3.357142857
Saar Yoskovitz,Augury,"$7,500,000.00 ","28,000,000.00","68,000,000.00",2.428571429
Kreg Peeler,SpinGo,0,"16,000,000.00",0,#VALUE!
David Perry,Gaikai,0,"17,000,000.00","45,000,000.00",2.647058824
Mallik Sundaram,Mitra Biotech,0,0,"250,000,000.00",#VALUE!
Sachin Kamdar,Parsely,0,"2,400,000.00","15,000,000.00",6.25
Russell Fradin,Dynamic Signal,0,"30,000,000.00","80,000,000.00",2.666666667
Aaron Schildkrout,HowAboutWe,0,"60,150,000.00","53,000,000.00",0.881130507
Alexis Prenn,Receipt Bank,"$470,000.00 ","30,000,000.00",0,0
Rashid Mansoor,Hadean,"$17,000,000.00 ",0,0,0
John Belizaire,FirstBest,0,"26,000,000.00","23,000,000.00",0
Jacob Taylor,"Replicat, Inc.","$8,500,000.00 ","20,000,000.00",0,0
Spencer Hutchins,Reflexion Health,"$9,320,000.00 ","22,000,000.00","35,000,000.00",0
Sheeroy D. Desai,Gild,"$6,000,000.00 ","17,000,000.00","53,500,000.00",0
Frank Huerta,TransLattice,0,"27,000,000.00","28,660,000.00",0
Jon Radoff,Disruptor Beam,"$2,550,000.00 ","14,420,000.00",0,0
Ola Sars,Soundtrack Your Brand,0,0,"8,000,000.00",0
Jason Kassin,FilmTrack,0,"44,000,000.00","76,120,000.00",0
Inder Guglani,Guru,"$11,510,000.00 ","30,000,000.00",0,0
Carlin Wiegner,CubeTree,0,"9,000,000.00","20,000,000.00",0
Nisan Gabbay,Sociable Labs,0,"4,110,000.00","26,000,000.00",0
Richard Price,Academia.edu,0,"25,640,000.00","47,330,000.00",0
Vince Passione,"LendKey Technologies, Inc.",0,"18,000,000.00","43,000,000.00",0
James Gwertzman,"PlayFab, Inc.",0,"26,050,000.00",0,0
Sravish Sridhar,Kinvey,"$5,310,000.00 ","19,000,000.00","38,000,000.00",0
Hironobu Yoshikawa,Treasure Data,0,"35,000,000.00","87,800,000.00",0
Mike Cook,XOR Data Exchange,0,"16,460,000.00",0,0
Amar Arsikere,Infoworks,0,"14,000,000.00","50,000,000.00",0
Yoshinari Yoshikawa,Miselu Inc.,0,"14,320,000.00","30,000,000.00",0
Opher Kahane,Origami Logic,0,"32,190,000.00","100,000,000.00",0
McKay Thomas,"First Opinion, Inc.",0,0,"22,190,000.00",0
Noah Ready-Campbell,Twice,0,"20,700,000.00",0,0
Daniel Roth,Semantic Machines,0,"34,000,000.00","112,380,000.00",0
David Friedman,Ayla Networks,0,"15,350,000.00","45,200,000.00",0
Steven Lam,GOGOVAN,0,0,"100,000,000.00",0
Neil Warren,eHarmony,0,"15,750,000.00","702,000,000.00",0
Joshua Feast,Cogito Corporation,0,"21,000,000.00","60,000,000.00",0
James Sider,Bandpage,0,"11,720,000.00","125,140,000.00",0
David Vinca,eSpark,"$5,000,000.00 ","13,700,000.00",0,0
Shaun Ritchie,Teem,"$5,440,000.00 ","17,630,000.00","41,560,000.00",0
Marc Fenigstein,Alta Motors,0,"25,500,000.00",0,0
Mike Harris,Zonoff,0,"11,640,000.00","108,000,000.00",0
Alfred Chuang,Magnet Systems Inc.,0,"41,200,000.00","276,000,000.00",0
Gregg Freishtat,SalesWise,0,"10,270,000.00",0,0
Andrew Blackmon,The Black Tux,"$11,130,000.00 ","43,480,000.00",0,0
Thomas Noyes,Commerce Signals,0,"17,000,000.00","36,000,000.00",0
Nadia Shalaby,Arctic Sand Technologies,0,"21,630,000.00","48,790,000.00",0
Osman Khan,Paddle8,0,"8,000,000.00","23,000,000.00",0
Eric Heil,RightCare Solutions,0,"4,410,000.00","13,000,000.00",0
Rishi Bali,YOGASMOGA,0,"38,000,000.00","74,000,000.00",0
Brett Galloway,Xova Labs,"$8,000,000.00 ",0,0,0
David Norris,MD Insider,"$24,000,000.00 ",0,"36,000,000.00",0
Anna Zornosa,Ruby Ribbon,0,"9,500,000.00","25,000,000.00",0
Lisa Stone,BlogHer,0,"9,000,000.00","22,000,000.00",0
Scott Tilton,Hookit,0,"2,250,000.00","15,000,000.00",0
Geoff Tate,Flex Logix Technologies,"$1,740,000.00 ","24,400,000.00","62,000,000.00",0
Adam Healey,"Borrowed & Blue, Inc.","$12,590,000.00 ","23,850,000.00",0,0
Slavik Markovich,Demisto,0,"20,000,000.00","75,000,000.00",0
Brad Hunstable,Ustream,0,"40,200,000.00",0,0
Jonathan Cedar,BioLite,0,"8,820,000.00","30,460,000.00",0
Gregg Spiridellis,JibJab,0,"32,670,000.00","42,980,000.00",0
Serge Saxonov,10X Genomics,"$26,000,000.00 ","56,000,000.00","222,000,000.00",0
Hani Elias,Procured Health,0,"12,650,000.00","33,490,000.00",0
Sean Suchter,Pepperdata,"$8,180,000.00 ","13,600,000.00","41,440,000.00",0
Veer Gidwaney,Maxwell Health,"$4,120,000.00 ","26,160,000.00","82,000,000.00",0
Mio Babic,iStreamPlanet,0,"65,450,000.00","185,000,000.00",0
Brian Biles,Datrium,0,"60,780,000.00","197,000,000.00",0
Bryan Burkhart,H.BLOOM,0,"33,850,000.00","68,250,000.00",0
Abe Smith,Dealflo,0,"24,300,000.00","43,400,000.00",0
Justin Effron,ALICE,0,"17,500,000.00","38,750,000.00",0
Michael Duffy,CITYBASE,0,"10,000,000.00","20,000,000.00",0
Darrius Thompson,SweetLabs,0,"10,500,000.00","28,220,000.00",0
Evan Liang,LeanData,"$6,000,000.00 ","17,000,000.00","46,400,000.00",0
BC Krishna,MineralTree,"$4,340,000.00 ","19,860,000.00","43,940,000.00",0
P.J. Gunsagar,Kidaptive,0,0,"27,250,000.00",0
Jules Pieri,The Grommet,0,"9,400,000.00",0,0
Brenda Schmidt,"Solera Health, Inc.","$9,000,000.00 ","26,500,000.00","74,000,000.00",0
Russell Tencer,United Wind,0,0,"13,000,000.00",0
Grant Gordon,Artemis Health,"$6,000,000.00 ","26,400,000.00","64,000,000.00",0
Dan Murillo,Little Black Bag,0,"10,740,000.00","40,150,000.00",0
Jason Gardner,Magenta Therapeutics,0,"50,000,000.00","250,000,000.00",0
Russell Fadel,ThingWorx,0,"4,800,000.00","19,070,000.00",0
Gerardo Obregon,Prestadero,"$1,400,000.00 ",0,0,0
Peter Bauer,Mimecast,0,"108,500,000.00","330,000,000.00",0
Brent Grinna,EverTrue,"$6,000,000.00 ","14,000,000.00","30,000,000.00",0
Pete Foley,Wave Computing,0,"14,000,000.00",0,0
Jeff Franco,Tendyne Holdings,0,"3,000,000.00","54,000,000.00",0
Monisha Perkash,Lumo Bodytech,"$1,340,000.00 ","21,310,000.00","40,650,000.00",0
Elie Seidman,Oyster.com,0,"18,200,000.00","36,600,000.00",0
Tom Costello,Cuil,0,"34,000,000.00","221,000,000.00",0
Zackary King,SHYFT,0,"44,300,000.00","100,000,000.00",0
Malcolm Cowley,Performance Horizon,"$2,600,000.00 ","22,000,000.00",0,0
Ned Moorfield,GoCatch,"$2,000,000.00 ","12,600,000.00","19,740,000.00",0
Udaynandan Reddy Padi,YUPPTV,"$25,000,000.00 ",0,0,0
Jonathan Brassington,LiquidHub,0,0,"170,000,000.00",0
Nicolas Tejerina,Navent,0,0,"30,000,000.00",0
Heath Wells,NuORDER,0,"10,000,000.00","34,500,000.00",0
Henry Wong,SS8 Networks,0,"25,000,000.00","75,000,000.00",0
Jeff Ma,tenXer,0,"6,300,000.00","15,000,000.00",0
John Squire,DynamicAction,0,"6,000,000.00","80,000,000.00",0
Mo Chen,TuSimple,0,0,"666,670,000.00",0
John Poisson,Wantful,0,"24,280,000.00",0,0
Matt Dalio,ENDLESS,0,"71,000,000.00","106,000,000.00",0
Chris Forman,"Appcast, Inc",0,"16,000,000.00","51,000,000.00",0
Joseph Paresi,IDSS Holdings,"$6,000,000.00 ","53,000,000.00","71,000,000.00",0
Mukundu Kumaran,C1X Inc.,0,"14,500,000.00","61,000,000.00",0
Marc J. Gorlin,Roadie,0,"36,000,000.00",0,0
Omri Iluz,PerimeterX,"$11,000,000.00 ","32,500,000.00","54,000,000.00",0
Terry Angelos,TrialPay,0,"14,000,000.00","58,000,000.00",0
Victoria Livschitz,"Tonomi, Inc.","$7,800,000.00 ",0,0,0
Drew Schiller,Validic,"$5,500,000.00 ","22,600,000.00","49,250,000.00",0
Clayton Alexander,Ember Technologies,0,"40,000,000.00","72,000,000.00",0
Jim Kean,WellnessFX,0,"4,300,000.00","12,250,000.00",0
Megan Gardner,Plum District,0,"4,600,000.00","16,000,000.00",0
Cheng Liu,Eureka Therapeutics,0,"6,260,000.00","12,510,000.00",0
Haresh Patel,Mercatus,0,"12,000,000.00","36,800,000.00",0
Sachin Katti,Kumu Networks,0,"25,350,000.00","59,720,000.00",0
Jason Ricci,Fluxx,0,"33,200,000.00","68,000,000.00",0
Manik Singh,Threadflip,"$7,000,000.00 ","25,000,000.00","51,000,000.00",0
Rob Salvatore,Tongal,"$2,220,000.00 ","2,470,000.00","48,150,000.00",0
Vikas Jha,Teracent,0,"14,700,000.00",0,0
Jeff Daniel,StarMaker Interactive,0,"14,320,000.00","28,000,000.00",0
Pieter van Rooyen,Edico Genome,"$17,000,000.00 ","31,000,000.00","88,000,000.00",0
Ujjal Kohli,Rhythm NewMedia,0,"19,000,000.00","54,000,000.00",0
Karl Wirth,Evergage,"$6,580,000.00 ","90,000,000.00","33,000,000.00",0
David P. Mariani,AtScale,"$6,830,000.00 ","22,000,000.00","58,000,000.00",0
Andras Forgacs,Modern Meadow,0,"50,000,000.00","148,000,000.00",0
Robert Carlson,UNIFi Software,"$17,450,000.00 ","40,000,000.00","81,500,000.00",0
Michael Smalls,Hoopla Software,0,"6,000,000.00","24,000,000.00",0
Richard White,UserVoice,0,"3,000,000.00","15,000,000.00",0
Harmeet S. Bindra,Leixir,0,"8,000,000.00",0,0
Kelly Dachtler,The Clymb,0,"5,800,000.00",0,0
Taku Harada,Peatix,0,"14,000,000.00","30,000,000.00",0
Simon Lenoir,Rezdy,0,"2,000,000.00",0,0
David Mandell,PivotDesk,0,"11,000,000.00","17,000,000.00",0
Craig Malloy,Lifesize,0,"24,000,000.00","68,000,000.00",0
Ben Wolstenholme,Madefire,"$4,600,000.00 ","15,000,000.00","26,500,000.00",0
Cliff Moon,Opsee,0,0,0,0
Hesaam Esfandyarpour,Genapsys,0,"34,000,000.00","267,000,000.00",0
Marc Ruxin,TastemakerX,"$18,000,000.00 ",0,0,0
Radu B. Rusu,Fyusion,0,"20,000,000.00","120,000,000.00",0
Ronni Zehavi,Hibob,"$18,340,000.00 ",0,0,0
Abir Sen,Gravie,"$9,000,000.00 ","28,000,000.00","47,000,000.00",0
Alex Bell,Signal360 (formerly Sonic Notify),0,"15,750,000.00",0,0
Stephen Bollinger,Rinovum Women's Health,0,"10,000,000.00","23,000,000.00",0
Shaffi Mather,Ziqitza Health Care,"$4,790,000.00 ",0,0,0
Robert Holler,VersionOne,0,"14,500,000.00","80,000,000.00",0
Kevin J. Duffy,Fastback Networks,0,"21,000,000.00","37,600,000.00",0
Bill Gerhart,Elevation Pharmaceuticals,0,"40,000,000.00","80,000,000.00",0
Mohit Midha,Mangahigh,0,"9,430,000.00","14,670,000.00",0
Dave Gilbert,Evermind,0,"10,000,000.00",0,0
Tuan Ha-Ngoc,deNovis,0,"76,000,000.00","130,000,000.00",0
Shane Dyer,Arrayent,0,0,"45,000,000.00",0
Jeffrey Wagner,Aquilon Energy Services,0,0,"50,000,000.00",0
Tuvia Barlev,Actelis Networks,0,"15,300,000.00","77,500,000.00",0
Trevor Stout,yap.TV,0,"5,170,000.00",0,0
Chris Caldwell,"LockPath, Inc.",0,"8,300,000.00","25,300,000.00",0
Pauline Alker,A la Mobile,"$7,000,000.00 ","20,000,000.00",0,0
Emek KÄ±rbÄ±yÄ±k,Dugun.com,"$12,000,000.00 ",0,0,0
Manish Taneja,Purplle,0,"25,000,000.00",0,0
Jason Wesbecher,myDocket,0,"10,240,000.00",0,0
PJ Gurumohan,GENWI,0,"3,000,000.00","17,000,000.00",0
Poojan Kumar,PernixData,0,"31,000,000.00","114,000,000.00",0
Joan Llavina,Cebiotex,"$3,000,000.00 ",0,0,0
Marco Samek,Muume AG,0,0,"41,000,000.00",0
Brandon Wright,Cognical,0,"9,000,000.00","45,000,000.00",0
Ben De Kalo,Worthy,0,"5,000,000.00","26,000,000.00",0
Jussi Laakkonen,Applifier,0,0,"1,250,000,000.00",0
Matthew B. Shoemake,Biscotti,"$7,500,000.00 ","14,000,000.00",0,0
Susie Kim Riley,Aquto,0,"17,000,000.00","57,000,000.00",0
Dan O'Malley,PerkStreet Financial,0,"12,000,000.00","27,000,000.00",0
Rob Principe,Scratch Music Group,0,"9,000,000.00","25,000,000.00",0
Greg Bullington,Magnolia Medical Technologies,"$22,000,000.00 ",0,0,0
Manmeet Singh Bhasin,Dataguise,0,"4,000,000.00","60,000,000.00",0
Mandeep Arora,Cantaloupe Systems,0,0,"14,500,000.00",0
Ed Rebholz,WhipTail,0,"6,000,000.00","27,000,000.00",0
Jon Jackson,Mobile Posse,"$7,000,000.00 ",0,"24,000,000.00",0
Burck Smith,StraighterLine,0,"10,000,000.00","40,000,000.00",0
Joe Giordano,Payzer,0,"12,000,000.00","25,000,000.00",0
Bobby Jadhav,Spotzot,0,"6,200,000.00",0,0
Dr. Nicholas Psaila,Optoscribe,0,"3,000,000.00","6,000,000.00",0
AC Chakrabarti,AnyPresence,0,"9,000,000.00","19,000,000.00",0
Michael Hite,Impel NeuroPharma,0,"4,000,000.00","26,000,000.00",0
Yori Gabay,InstallFree,0,"31,000,000.00","12,000,000.00",0
Andrew Daines,PrePlay,"$15,000,000.00 ",0,"20,000,000.00",0
Michael Hennessy,SmashFly,0,"27,000,000.00","77,000,000.00",0
Greg Goldfarb,Flint,"$460,000.00 ","8,000,000.00","26,000,000.00",0
Lakshmanan (Lux) Narayan,Unmetric,0,"8,000,000.00","23,500,000.00",0
David Utley,Carrot,0,"73,800,000.00",0,0
Sungwuk Kim,ImmunoMet Therapeutics,"$2,500,000.00 ","15,000,000.00","30,000,000.00",0
Bostjan Bregar,4th Office,"$5,000,000.00 ","13,000,000.00","18,000,000.00",0
Prem Uppaluru,Transera Communications,0,"28,000,000.00","49,000,000.00",0
Eran Arbel,Breakaway Labs,"$6,590,000.00 ",0,0,0
Art Norins,Nor1,0,"7,000,000.00","19,000,000.00",0
Nick East,Zynstra,"$4,000,000.00 ","8,000,000.00","17,000,000.00",0
Paul Ironside,CommercialTribe,0,"10,000,000.00","20,000,000.00",0
Priya Haji,SaveUp,"$7,500,000.00 ","15,700,000.00",0,0
Mike Perrone,SocialSign.in,"$7,000,000.00 ",0,0,0
Peter Badger,Framehawk,0,"18,000,000.00","46,000,000.00",0
Alan Hahn,MycoTechnology,0,"26,000,000.00",0,0
EuGene Wade,UniversityNow,0,"19,000,000.00","44,000,000.00",0
Adam Pikett,SportPursuit,0,"7,000,000.00","25,000,000.00",0
Andres Fabris,Traxo,0,"11,000,000.00","24,000,000.00",0
Rajesh Nahar,Cbazaar.com,0,0,"24,000,000.00",0
Prat Moghe,Cazena,0,"21,000,000.00","88,000,000.00",0
Brian Spector,CertiVox,0,"7,000,000.00","27,000,000.00",0
Nish Kukadia,SecretSales,0,"9,000,000.00","7,000,000.00",0
Jesse Rothstein,ExtraHop Networks,0,"12,000,000.00","90,000,000.00",0
Craig H. Misrach,Freedom Meditech,0,"11,000,000.00","38,000,000.00",0
Diego May,Junar,"$3,000,000.00 ","2,660,000.00",0,0
David Smith,High Brew Coffee,"$16,000,000.00 ","40,000,000.00","72,000,000.00",0
Michael Neal,DecisionNext,"$10,000,000.00 ",0,0,0
Ray Bell,Grid Net,0,"23,000,000.00",0,0
David Leeds,Tango Card,0,"6,000,000.00","30,000,000.00",0
Bill Dallas,Cloudvirga,0,"37,500,000.00","60,000,000.00",0
Will Shulman,mLab,0,"7,500,000.00","24,500,000.00",0
Foster Hinshaw,Dataupia,0,"22,000,000.00","62,000,000.00",0
Tony Conrad,about.me,0,"3,430,000.00",0,0
Steve Rosenbaum,Waywire Networks,0,"5,100,000.00","9,600,000.00",0
Jevgeni Kabanov,ZeroTurnaround,0,0,"59,360,000.00",0
Kenneth Munson,"Sunverge Energy, Inc",0,"14,000,000.00","34,000,000.00",0
Jeff Rubenstein,SmartProcure,0,"17,000,000.00","65,000,000.00",0
Mike Kennewick,VoiceBox Technologies,0,"39,000,000.00","42,000,000.00",0
Craig Harris,HG Data Company,0,"15,000,000.00","54,000,000.00",0
Ken Song,"Ariosa Diagnostics, Inc.",0,"4,650,000.00","23,210,000.00",0
C.R. Chandrasekar,FundsIndia,0,"2,600,000.00",0,0
Patrick Anquetil,Portal Instruments,0,"22,000,000.00","70,000,000.00",0
Krishna Prabhakar,Avenda Systems,0,0,0,0
Nicholas Benedict,Allecra Therapeutics, ,0,0,0
Jeffrey Mullen,Dynamics,0,0,0,0
Mick Hewitt,MasteryConnect,0,0,0,0
Tim Stojka,Agentis Energy,0,0,0,0
Carine Schorochoff,4Tech,0,0,0,0
Koichiro Yoshida,CrowdWorks,0,0,0,0
Peter Goggin,Resson,0,0,0,0
Sam Ellis,DriverUp,0,0,0,0
J. David Smith,LiquiGlide,0,0,0,0
IvÃ¡n TintorÃ©,iContainers,0,0,0,0
Eddy Zhang,iCarsClub,0,0,0,0
Colin Kwan,MEMSDrive,0,0,0,0
Jeff White,Gravy Analytics,0,0,0,0
Yi Shi,Avazu Inc,0,0,0,0
Fauad Hasan,Bonti,0,0,0,0
Pier LaFarge,Sparkfund,0,0,0,0
Joe Epperson,MaxPoint Interactive,0,0,0,0
Minh Dang,Foody,0,0,0,0
Doug Stevenson,Vibrant Media,0,0,0,0
Micke PaqvalÃ©n,Kiosked,0,0,0,0
Carl Holmquist,Freespee,0,0,0,0
Gideon Stein,LightSail Education,0,0,0,0
Craig Elliott,Pertino,0,0,0,0
Joachim Roos,Edgeware,0,0,0,0
Joaquin Ayuso,Kuapay,0,0,0,0
Jeffrey T. Binder,Layer3 TV,0,0,0,0
Tomoyuki Sugiyama,"Crowdcredit, Inc.",0,0,0,0
Howard Rosenberg,B-Stock Solutions,0,0,0,0
Scott Nelson,Trax Technologies,0,0,0,0
Lou Gray,DreamBox Learning,0,0,0,0
Jaswinder Chadha,Axtria,0,0,0,0
Bulent Celebi,AirTies Wireless Networks,0,0,0,0
Nick Moutter,Admedo Ltd,0,0,0,0
Faris Zaher,Yamsafer,0,0,0,0
Alan Viterbi,Liquid Environmental Solutions,0,0,0,0
"Bhairavi Parikh, PhD",CellScape,0,0,0,0
Geoff Mathieux,Wingz Inc.,0,0,0,0
Susan Kennedy,Advanced Microgrid Solutions,0,0,0,0
Adriaan van Wyk,K2,0,0,0,0
Dominic Blank,POSpulse,0,0,0,0
Yaniv Bensadon,Fixya,0,0,0,0
Priya Krishnan,klay schools,0,0,0,0
Ronald Bianchini,Avere Systems,0,0,0,0
Ilya Ekushevskiy,Busfor,0,0,0,0
Frank Martin,Restorando,0,0,0,0
Ke Wang,Koudai,0,0,0,0
Zivan Ori,E8 Storage,0,0,0,0
Seymour Duncker,iCharts,0,0,0,0
Rohith Bhat,99Games Online Private Limited,0,0,0,0
Todd Parsons,Aditive,0,0,0,0
Francois-Xavier Hussherr,Gutenberg Technology,0,0,0,0
Joseph Mayer,Cureatr,0,0,0,0
Alexander Koenig,ReActive Robotics,0,0,0,0
Juan Carlos Riveiro,Vilynx,0,0,0,0
Hari Nair,HolidayIQ,0,0,0,0
Anthony Bettini,FlawCheck,0,0,0,0
Yao Hong,Weidai,0,0,0,0
Arun Agarwal,Infinio,0,0,0,0
Faraz Hoodbhoy,PixSense,0,0,0,0
Ramana Jonnala,Coho Data,0,0,0,0
Art Krieg,Checkmate Pharmaceuticals,0,0,0,0
Toshi Yamamoto,ChatWork,0,0,0,0
Roman Rittweger,ottonova Holding AG,0,0,0,0
Neil Burns,P2 Science,0,0,0,0
Alex Willcock,VisualDNA,0,0,0,0
Marc Heyneker,Revinate,0,0,0,0
Stephanie Leffler,OneSpace,0,0,0,0
Arie Struik,alaTest,0,0,0,0
Ofer Shoshan,One Hour Translation,0,0,0,0
Wes Schroll,Fetch Rewards,0,0,0,0
Mik Kersten,Tasktop,0,0,0,0
Jason Bryant,Nor1,0,0,0,0
Chenfeng Song,A.I. Nemo,0,0,0,0
Marco Fisbhen,Descomplica,0,0,0,0
Jeremy Geiger,Retailigence,0,0,0,0
John A. Amster,RPX Corporation,0,0,0,0
Bo Yang,Douban,0,0,0,0
Ehud Rokach,XtremIO,0,0,0,0
Viktor Ariel,SURE Universal,0,0,0,0
Baha Zeidan,Azalea Health,0,0,0,0
Stephen Lau,BioClin Therapeutics,0,0,0,0
Do Tuan Anh,Appota,0,0,0,0
Ching Wei Lee,iMoney Group,0,0,0,0
Rufus Griscom,Heleo,0,0,0,0
Yod Chinsupakul,Wongnai,0,0,0,0
Fede Malek,Avenida.com,0,0,0,0
Aaron Biddar,Synthio,0,0,0,0
Ami Dotan,Karamba Security,0,0,0,0
Eric Didier,OneKloud,0,0,0,0
Adam Seifer,Everplans,0,0,0,0
Santiago Sosa,Tienda Nube,0,0,0,0
Hao Xu,Camera360,0,0,0,0
Ken Davis,"TaskEasy, Inc.",0,0,0,0
Chris Torrance,PhoreMost,0,0,0,0
Ken Rugg,Tesora,0,0,0,0
Deepak Aatresh,Aditazz,0,0,0,0
Robert Ellice,EasyProperty,0,0,0,0
Yegor Anchishkin,CartFresh,0,0,0,0
JD Lee,Pocketmath,0,0,0,0
Martin Ferro,Conferize,0,0,0,0
Sanj Goyle,Finxera,0,0,0,0
Tom Valdivia,Luminat,0,0,0,0
Ben Ye,The ONE Music Group,0,0,0,0
Danny Sachs,Amphora Medical,0,0,0,0
Sean Lynch,Metacloud,0,0,0,0
Matthew Patterson,Audentes Therapeutics,0,0,0,0
Wayne Poll,Minimally invasive devices,0,0,0,0
Simon Lynch,Just Landed,0,0,0,0
Olivier Gerhardt,Wavecell,0,0,0,0
Omri Kohl,Pyramid Analytics,0,0,0,0
Dirk Owerfeldt,GASTROFIX,0,0,0,0
Lianglun Zhang,Mizhe.com,0,0,0,0
Mike Alfred,BrightScope,0,0,0,0
Jonathan Glick,Sulia,0,0,0,0
Rami Goraly,ScheduleOnce,0,0,0,0
Eugene Izhikevich,Brain Corporation,0,0,0,0
Luke Ahn,Fronto,0,0,0,0
Wang Shirui,Medlinker,0,0,0,0
ABHISHEK AGARWAL,CreditVidya,0,0,0,0
Mike Lynn,Hound Labs,0,0,0,0
William Cooper,ACHICA,0,0,0,0
John Golob,Lanetix,0,0,0,0
J. Andrew Rogers,SpaceCurve,0,0,0,0
John Goscha,"Lucidity Lights, Inc.",0,0,0,0
Forest Key,"Pixvana, Inc.",0,0,0,0
Meir Zohar,Freshub Ltd.,0,0,0,0
Wasiq Bokhari,QBotix,0,0,0,0
Geraldine McBride,MyWave,0,0,0,0
Derek Ball,atVenu,0,0,0,0
Adam Vincent,"ThreatConnect, Inc.",0,0,0,0
Aman Jabbi,Pelican Imaging,0,0,0,0
Jonathan Dambrot,Prevalent Networks,0,0,0,0
Kristian Humborstad,Zwipe,0,0,0,0
John Thomson,PayIt,0,0,0,0
Bryce Smith,LevelTen Energy,0,0,0,0
Bhavik Jhaveri,Ambab Infotech,0,0,0,0
Carl Dietrich,Terrafugia,0,0,0,0
Yair Lavi,Tonara,0,0,0,0
Sudheer Koneru,Zenoti,0,0,0,0
Anand Sivaraman,Remidio Innovative Solutions,0,0,0,0
Sheila Mikhail,Bamboo Therapeutics,0,0,0,0
Tao Peng,Breadtrip,0,0,0,0
Martin KÃ¤llstrÃ¶m,Narrative,0,0,0,0
Javier Andres,ticketea,0,0,0,0
Amir Ben-Afraim,Altor Networks,0,0,0,0
Dan Albritton,Megaphone TV,0,0,0,0
Guillermo Freire,TROCAFONE,0,0,0,0
Kemal Erol,Vivense Home & Living,0,0,0,0
Gil Sadeh,Signals Analytics,0,0,0,0
Thomaz Srougi,dr. consulta,0,0,0,0
Jae Chung,goBalto,0,0,0,0
William Moschella,Evariant,0,0,0,0
Josh Shatkin-Margolis,Purple Cloud,0,0,0,0
Jing Liu,Skyroam,0,0,0,0
Jeff Abramowitz,PowerCloud Systems,0,0,0,0
Simon Specka,ZenMate,0,0,0,0
John M. Paul,VenueNext,0,0,0,0
Dippak Khurana,Vserv,0,0,0,0
Tian Ning,Panshi,0,0,0,0
Noman Ali,Peanut Labs,0,0,0,0
Yoram Novick,Maxta,0,0,0,0
Alex Zapesochny,iCardiac Technologies,0,0,0,0
Dov Seidman,LRN,0,0,0,0
Alan Gertner,Tokyo Smoke,0,0,0,0
Jeremy Anspach,PureCars,0,0,0,0
Ryan Fyfe,Humanity,0,0,0,0
Eric Winquist,Jama Software,0,0,0,0
David Lim,Beijing Weiying Technology,0,0,0,0
Vaibhav Dabhade,Anchanto,0,0,0,0
Chris Harbourt,Agrible,0,0,0,0
Bruce Cohen,VitaPath Genetics,0,0,0,0
Eric La BonnardiÃ¨re,Evaneos,0,0,0,0
Xavi Beumala,Marfeel,0,0,0,0
Tal Zvi Nathanel,MyCheck,0,0,0,0
Samuel Sheng,Sentons,0,0,0,0
Sagi Schliesser,TabTale,0,0,0,0
Elery Pfeffer,Nift Networks,0,0,0,0
Ron Glibbery,Peraso Technologies,0,0,0,0
Steve Flagg,SupplyFrame,0,0,0,0
Jon Elvekrog,140 Proof,0,0,0,0
James LaLonde,yoli,0,0,0,0
Martin Watson,SeeChange Health,0,0,0,0
Cyril Hadji-Thomas,Bookwitty,0,0,0,0
Julian Willenbrock,Enlight MÃ©xico,0,0,0,0
Jervis Liu,Hyphenate Inc.,0,0,0,0
Heather Hiles,Pathbrite,0,0,0,0
Michael Bruce,PurpleBricks,0,0,0,0
Kent Fuka,Querium Corporation,0,0,0,0
Ben Nelson,The Minerva Project,0,0,0,0
Eduardo L'Hotellier,GetNinjas,0,0,0,0
Iain Dodsworth,TweetDeck,0,0,0,0
Yang Chen,Joyme.com,0,0,0,0
David Lowe,Aeglea BioTherapeutics,0,0,0,0
Ran Poliakine,Powermat Technologies,0,0,0,0
Amir Aharoni,Elastifile,0,0,0,0
Swapnil Shah,FirstFuel Software,0,0,0,0
Norma Sit,Numoni,0,0,0,0
Erine Gray,Aunt Bertha,0,0,0,0
Brandon Koffler,FanXchange,0,0,0,0
Roy Rodenstein,SocMetrics,0,0,0,0
Mahmoud Kaiyal,WebTeb,0,0,0,0
Zacharie Sabban,Festicket,0,0,0,0
Daniel Arthursson,Xcerion,0,0,0,0
Michael Howell,Dolly,0,0,0,0
Samir Shah,Zephyr,0,0,0,0
Ugo Parodi Giusino,Mosaicoon,0,0,0,0
John Orrock,Future Now Ventures,0,0,0,0
Chris Costello,blooom,0,0,0,0
Jeff Sinclair,Eventbase,0,0,0,0
Evert Jaap Lugt,Nimbuzz,0,0,0,0
Chantel Waterbury,Chloe + Isabel,0,0,0,0
Jason T. Andrew,Limelight Health,0,0,0,0
Adrian Critchlow,Australian Solar Group,0,0,0,0
Geoff Barrall,Connected Data,0,0,0,0
Moritz Offeney,Scarosso,0,0,0,0
Don Resler,Intelligent Beauty,0,0,0,0
Gustaf Agartson,BIMA,0,0,0,0
Blake Pierson,Lovely,0,0,0,0
JÃ¶rg Wiemer,Treasury Intelligence Solutions (TIS),0,0,0,0
Symen Jansma,TravelBird,0,0,0,0
Nihal Parthasarathi,CourseHorse,0,0,0,0
Eric Stone,Velano Vascular,0,0,0,0
Pumin Yuvacharuskul,Eatigo,0,0,0,0
Tito A Serafini,Atreca,0,0,0,0
Josh Manion,Ensighten,0,0,0,0
Faraz Syed,Keynote DeviceAnywhere,0,0,0,0
Ashish Mehta,Sokrati,0,0,0,0
Chethan Ramachandran,Playnomics,0,0,0,0
Tobi Bauckhage,Creators Media,0,0,0,0
Francisco Fonseca,BitSight Technologies,0,0,0,0
Jack Slocum,Alta5,0,0,0,0
Aaron DeBovoise,Network of One,0,0,0,0
Nikhil Hasija,Azuqua,0,0,0,0
Robert Seolas,"ObservePoint, Inc.",0,0,0,0
John Spiers,NexGen Storage,0,0,0,0
Andrew Ibbotson,Digital Assent,0,0,0,0
Joe Essenfeld,Jibe,0,0,0,0
Gal Naor,Storone,0,0,0,0
Guy Vardi,Slate Science,0,0,0,0
Bo Wu,Lashou.com,0,0,0,0
Vijay Sikka,Sikka Software,0,0,0,0
Sanjiv Singhal,Scripbox,0,0,0,0
James Tagg,Truphone,0,0,0,0
Tanya Bakalov,BetterSkills Inc.,0,0,0,0
Derek Roos,Mendix,0,0,0,0
Boris Saragaglia,Spartoo,0,0,0,0
Siddarth Satish,Gauss Surgical,0,0,0,0
Joel Trammell,Khorus,0,0,0,0
Gadi Maier,FreeMonee,0,0,0,0
Nidhi Saxena,Zoctr Health,0,0,0,0
Sean Muller,"iSpot.tv, Inc.",0,0,0,0
David Schmaier,Vlocity,0,0,0,0
Alex Capurro,Easy Payment Gateway,0,0,0,0
Wei Su,Visunex Medical Systems,0,0,0,0
Justin Miller,WedPics,0,0,0,0
Dhiren Bhatia,Viewics,0,0,0,0
Josh Kanner,Smartvid io,0,0,0,0
Alec Lynch,DesignCrowd,0,0,0,0
Jeff Booth,BuildDirect,0,0,0,0
Branndon Stewart,OutboundEngine,0,0,0,0
Brent Handler,Inspirato,0,0,0,0
Sam GuilaumÃ©,Movea,0,0,0,0
Dave O'Flanagan,Boxever,0,0,0,0
Omer David Keilaf,Innoviz Technologies,0,0,0,0
Naoko Samata,Coiney,0,0,0,0
Ofer Vilenski,Hola,0,0,0,0
Nathan Labenz,Waymark (fka SocialProof),0,0,0,0
Zoe Pointon,OpenAgent.com.au,0,0,0,0
Kai Schoppen,Infracommerce,0,0,0,0
Rebekah Campbell,Posse,0,0,0,0
Sebastian Funke,Smeet,0,0,0,0
Satoshi Sugie,WHILL,0,0,0,0
Rotem Perelmuter,Top Prospect,0,0,0,0
Si Shen,PapayaMobile,0,0,0,0
Greg Alvo,OrderGroove,0,0,0,0
Naresh Malhotra,Modern Family Doctor,0,0,0,0
Haoyong Yang,Ganji,0,0,0,0
Andrew Ryan,Membersuite,0,0,0,0
Mehrdad Mahdjoubi,ORBITAL SYSTEMS,0,0,0,0
Mark Ethier,iZotope,0,0,0,0
Abey Zachariah,Goodbox,0,0,0,0
Corey Reese,Ness Computing,0,0,0,0
Mark Heffernan,Nexvet,0,0,0,0
James N. Thomas,Just. Biotherapeutics,0,0,0,0
Jason Meller,Kolide,0,0,0,0
Chen Kuan,Infervision,0,0,0,0
Eoin Dowling,Boxfish,0,0,0,0
Michael Matousek,Luvo (formerly Flashnotes),0,0,0,0
David Liu,"XO Group, Inc.",0,0,0,0
Ryan Fuller,VoloMetrix,0,0,0,0
Asaf Ganot,"ControlUp, Inc",0,0,0,0
Devrim Yasar,Koding,0,0,0,0
Netanel Davidi,Cyvera,0,0,0,0
Ben Askew-Renaut,Packlink - Simply Shipping,0,0,0,0
Paul Gollash,Voxy,0,0,0,0
Neal Walker,Aclaris Therapeutics,0,0,0,0
Surbhi Sarna,NVISION MEDICAL,0,0,0,0
Jonathan Cohen,Agency of Trillions (AoT),0,0,0,0
Richard Harris,Intent Media,0,0,0,0
Fran Maier,Babierge,0,0,0,0
Martynas Gudonavicius,TRAFI,0,0,0,0
Dennis Just,Knip,0,0,0,0
Kris Hiiemaa,ERPLY,0,0,0,0
Philippe Laval,Kwaga,0,0,0,0
Jeffrey Chou,Diamanti,0,0,0,0
Ronni Zehavi,Hibob,0,0,0,0
Radu B. Rusu,Fyusion,0,0,0,0
Marc Ruxin,TastemakerX,0,0,0,0
Hesaam Esfandyarpour,Genapsys,0,0,0,0
Felix Zhao,Cassia Networks,0,0,0,0
Paul Fulton,Cloudsona,0,0,0,0
Vikram Vora,MyDentist,0,0,0,0
Hong Bui,Polkast,0,0,0,0
Cliff Moon,Opsee,0,0,0,0
Martin Ijaha,Neyber,0,0,0,0
Justin Oberman,Till Mobile,0,0,0,0
Ji Xiaohua,Guokr,0,0,0,0
Todd Brennan,"Ampient,inc",0,0,0,0
Ben Wolstenholme,Madefire,0,0,0,0
Radoslav Danilak,Skyera,0,0,0,0
Craig Malloy,Lifesize,0,0,0,0
David Mandell,PivotDesk,0,0,0,0
Tomer Dvir,Soluto,0,0,0,0
Massy Mehdipour,Jotter Investment,0,0,0,0
Rania Belkahia,Afrimarket,0,0,0,0
Simon Lenoir,Rezdy,0,0,0,0
Taku Harada,Peatix,0,0,0,0
Takuma Iwasa,Cerevo,0,0,0,0
Kelly Dachtler,The Clymb,0,0,0,0
Ronjon Nag,Cellmania,0,0,0,0
Harmeet S. Bindra,Leixir,0,0,0,0
Richard White,UserVoice,0,0,0,0
Michael Smalls,Hoopla Software,0,0,0,0
Robert Carlson,UNIFi Software,0,0,0,0
Andras Forgacs,Modern Meadow,0,0,0,0
David P. Mariani,AtScale,0,0,0,0
Karl Wirth,Evergage,0,0,0,0
Felipe Navio,Jobandtalent,0,0,0,0
Jerry Ropelato,WhiteClouds,0,0,0,0
Ujjal Kohli,Rhythm NewMedia,0,0,0,0
Hannibal Baldwin,SiteZeus,0,0,0,0
Pieter van Rooyen,Edico Genome,0,0,0,0
Arvind Lakshmikumar,Tonbo Imaging,0,0,0,0
Yongzhi Yang,MoboTap,0,0,0,0
Vishal Gupta,Seclore,0,0,0,0
Jeff Daniel,StarMaker Interactive,0,0,0,0
Patrick Linden,Deal.com.sg,0,0,0,0
Marta Higuera,OpenAgent.com.au,0,0,0,0
Guy Nizan,IntSights,0,0,0,0
Patrick Ostiguy,Accedian Networks,0,0,0,0
Sanjay Purohit,iProf Learning Solutions,0,0,0,0
Vikas Jha,Teracent,0,0,0,0
Rob Salvatore,Tongal,0,0,0,0
Darrell Heaps,Q4,0,0,0,0
Masolova Elena,Eduson,0,0,0,0
Dan Vene,iCapital Network,0,0,0,0
Patrick Quinlan,Convercent,0,0,0,0
Manik Singh,Threadflip,0,0,0,0
Jason Ricci,Fluxx,0,0,0,0
Lionel Baraban,FAMOCO,0,0,0,0
Philipp Pieper,Proximic,0,0,0,0
Sachin Katti,Kumu Networks,0,0,0,0
Swati Gupta,Industrybuying,0,0,0,0
Christos Cotsakos,"Pennington Ventures, LLC",0,0,0,0
Haresh Patel,Mercatus,0,0,0,0
Hagai Hartman,Emarsys,0,0,0,0
Nico Sand,Zanbato,0,0,0,0
Cheng Liu,Eureka Therapeutics,0,0,0,0
Megan Gardner,Plum District,0,0,0,0
Brian L. Hinman,Mimosa,0,0,0,0
Jim Kean,WellnessFX,0,0,0,0
Clayton Alexander,Ember Technologies,0,0,0,0
Drew Schiller,Validic,0,0,0,0
Victoria Livschitz,"Tonomi, Inc.",0,0,0,0
Terry Angelos,TrialPay,0,0,0,0
Omri Iluz,PerimeterX,0,0,0,0
Mohan Giridharadas,LeanTaaS,0,0,0,0
Mona Ataya,Mumzworld.com,0,0,0,0
Marc J. Gorlin,Roadie,0,0,0,0
Hadar Eshel,Cigloo,0,0,0,0
Mukundu Kumaran,C1X Inc.,0,0,0,0
Joseph Paresi,IDSS Holdings,0,0,0,0
Quentin Vacher,JolieBox,0,0,0,0
Chris Forman,"Appcast, Inc",0,0,0,0
Matt Dalio,ENDLESS,0,0,0,0
Kaan KayabalÄ±,Onedio,0,0,0,0
John Poisson,Wantful,0,0,0,0
Mo Chen,TuSimple,0,0,0,0
Ofer Ben Noon,Argus Cyber Security,0,0,0,0
Pavel Gurvich,GuardiCore,0,0,0,0
Mark Weiner,Reduxio,0,0,0,0
Bill Hu,Kika Tech,0,0,0,0
Greg Kostello,Huma.ai,0,0,0,0
John Squire,DynamicAction,0,0,0,0
Jeff Ma,tenXer,0,0,0,0
Dr. Patrick Andrae,HomeToGo,0,0,0,0
Henry Wong,SS8 Networks,0,0,0,0
Steve King,Black Swan Data,0,0,0,0
Federico Vega,Sontra,0,0,0,0
Ferry Tenka,Orami,0,0,0,0
Heath Wells,NuORDER,0,0,0,0
Nicolas Tejerina,Navent,0,0,0,0
Markus Rupprecht,Traxpay,0,0,0,0
Bruno Maisonnier,Aldebaran Robotics,0,0,0,0
Jonathan Brassington,LiquidHub,0,0,0,0
Udaynandan Reddy Padi,YUPPTV,0,0,0,0
Ned Moorfield,GoCatch,0,0,0,0
Malcolm Cowley,Performance Horizon,0,0,0,0
Daniel Zelkind,Zeek,0,0,0,0
Zackary King,SHYFT,0,0,0,0
Tom Costello,Cuil,0,0,0,0
Elie Seidman,Oyster.com,0,0,0,0
Monisha Perkash,Lumo Bodytech,0,0,0,0
Katsuaki Sato,Metaps Inc.,0,0,0,0
Jeff Franco,Tendyne Holdings,0,0,0,0
Pete Foley,Wave Computing,0,0,0,0
Brent Grinna,EverTrue,0,0,0,0
Peter Bauer,Mimecast,0,0,0,0
Gerardo Obregon,Prestadero,0,0,0,0
Russell Fadel,ThingWorx,0,0,0,0
Jason Gardner,Magenta Therapeutics,0,0,0,0
Somrat Niyogi,Stitch,0,0,0,0
Yoshiki Yasui,Origami Inc.,0,0,0,0
Mok Oh,"Moju Labs, Inc.",0,0,0,0
Ami Gal,SQream Technologies,0,0,0,0
Dan Murillo,Little Black Bag,0,0,0,0
Anil Singhal,NetScout Systems,0,0,0,0
Grant Gordon,Artemis Health,0,0,0,0
Russell Tencer,United Wind,0,0,0,0
"Tai ""Popo"" Chen",17 Media,0,0,0,0
Tammy Gilon,Vascular Graft Solutions,0,0,0,0
Brenda Schmidt,"Solera Health, Inc.",0,0,0,0
Jules Pieri,The Grommet,0,0,0,0
Michael Lahyani,PropertyFinder,0,0,0,0
Jason Crawford,Modal VR,0,0,0,0
P.J. Gunsagar,Kidaptive,0,0,0,0
Brijraj Vaghani,Ridlr,0,0,0,0
BC Krishna,MineralTree,0,0,0,0
Evan Liang,LeanData,0,0,0,0
Ke Jiao,Yongqianbao,0,0,0,0
Darrius Thompson,SweetLabs,0,0,0,0
Michael Duffy,CITYBASE,0,0,0,0
Justin Effron,ALICE,0,0,0,0
Abe Smith,Dealflo,0,0,0,0
Bryan Burkhart,H.BLOOM,0,0,0,0
Brian Biles,Datrium,0,0,0,0
Mio Babic,iStreamPlanet,0,0,0,0
Veer Gidwaney,Maxwell Health,0,0,0,0
Sean Suchter,Pepperdata,0,0,0,0
Hani Elias,Procured Health,0,0,0,0
John Boyce,GnuBIO,0,0,0,0
Vinay Bhagat,TrustRadius,0,0,0,0
Shlomit Kugler,MyCheck,0,0,0,0
Serge Saxonov,10X Genomics,0,0,0,0
Gregg Spiridellis,JibJab,0,0,0,0
Jonathan Cedar,BioLite,0,0,0,0
Brad Hunstable,Ustream,0,0,0,0
Slavik Markovich,Demisto,0,0,0,0
Adam Healey,"Borrowed & Blue, Inc.",0,0,0,0
Geoff Tate,Flex Logix Technologies,0,0,0,0
Jonathan M. Rothberg,Butterfly Network,0,0,0,0
Rajeev Agrawal,Innoviti,0,0,0,0
Firmin Zocchetto,PayFit,0,0,0,0
Scott Tilton,Hookit,0,0,0,0
Lisa Stone,BlogHer,0,0,0,0
Anna Zornosa,Ruby Ribbon,0,0,0,0
Alex Kelleher,Get,0,0,0,0
David Norris,MD Insider,0,0,0,0
Brett Galloway,Xova Labs,0,0,0,0
Rishi Bali,YOGASMOGA,0,0,0,0
Eric Heil,RightCare Solutions,0,0,0,0
Osman Khan,Paddle8,0,0,0,0
Robert Ciampa,Business Catalytics,0,0,0,0
Nadia Shalaby,Arctic Sand Technologies,0,0,0,0
Arjun Mehta,Trakfire,0,0,0,0
Thomas Noyes,Commerce Signals,0,0,0,0
Zhang Wenming,Douyu TV,0,0,0,0
Andrew Blackmon,The Black Tux,0,0,0,0
Ian Collins,CrowdCare,0,0,0,0
Dedi Gilad,TytoCare,0,0,0,0
Avner Mor,Dyadic Security,0,0,0,0
Gregg Freishtat,SalesWise,0,0,0,0
Andrew Laffoon,Mixbook,0,0,0,0
Alfred Chuang,Magnet Systems Inc.,0,0,0,0
James Borow,SHIFT,0,0,0,0
Matias Recchia,IguanaFix,0,0,0,0
Mike Harris,Zonoff,0,0,0,0
Oskar Hjertonsson,Needish,0,0,0,0
Marc Fenigstein,Alta Motors,0,0,0,0
Shaun Ritchie,Teem,0,0,0,0
Chris MÃ¶ller,Campanda,0,0,0,0
David Vinca,eSpark,0,0,0,0
James Sider,Bandpage,0,0,0,0
Michael Paolucci,Slooh,0,0,0,0
Daniel Rothman,GlassesUSA,0,0,0,0
Joshua Feast,Cogito Corporation,0,0,0,0
Neil Warren,eHarmony,0,0,0,0
Philippe Corrot,Mirakl,0,0,0,0
Steven Lam,GOGOVAN,0,0,0,0
David Friedman,Ayla Networks,0,0,0,0
Daniel Roth,Semantic Machines,0,0,0,0
Noah Ready-Campbell,Twice,0,0,0,0
Shmulik Grizim,Webydo.,0,0,0,0
Dinesh Agarwal,IndiaMART,0,0,0,0
Pablo Casarino,Quasar Builders,0,0,0,0
Mihael Mikek,Celtra Inc.,0,0,0,0
Basil Enan,"Discors, Inc.",0,0,0,0
Ran Makavy,Snaptu,0,0,0,0
Eugene Danilkis,Mambu,0,0,0,0
McKay Thomas,"First Opinion, Inc.",0,0,0,0
Opher Kahane,Origami Logic,0,0,0,0
Xu Zou,ZingBox,0,0,0,0
Yoshinari Yoshikawa,Miselu Inc.,0,0,0,0
Zack Rosen,Pantheon,0,0,0,0
Ali Servet EyÃ¼boÄ?lu,English Ninjas,0,0,0,0
Amar Arsikere,Infoworks,0,0,0,0
Barbaros Ã?zbugutu,iyzico,0,0,0,0
Devkumar Gandhi,moBack,0,0,0,0
Mike Cook,XOR Data Exchange,0,0,0,0
Hironobu Yoshikawa,Treasure Data,0,0,0,0
Gilles RAYMOND,News Republic,0,0,0,0
Doron Gordon,Samanage,0,0,0,0
Sravish Sridhar,Kinvey,0,0,0,0
James Gwertzman,"PlayFab, Inc.",0,0,0,0
Vince Passione,"LendKey Technologies, Inc.",0,0,0,0
Jianzhang Liang,Ctrip,0,0,0,0
Richard Price,Academia.edu,0,0,0,0
Angelique Augereau,Zafu,0,0,0,0
Nisan Gabbay,Sociable Labs,0,0,0,0
Carlin Wiegner,CubeTree,0,0,0,0
Ken Tamagawa,SORACOM,0,0,0,0
Nick Drandakis,TaxiBeat,0,0,0,0
Inder Guglani,Guru,0,0,0,0
Scott Saunders,Payoff,0,0,0,0
Jason Kassin,FilmTrack,0,0,0,0
Julia Bijaoui,Frichti,0,0,0,0
Ola Sars,Soundtrack Your Brand,0,0,0,0
Gerald Heydenreich,Pippa Jean,0,0,0,0
Jon Radoff,Disruptor Beam,0,0,0,0
Frank Huerta,TransLattice,0,0,0,0
Sheeroy D. Desai,Gild,0,0,0,0
Eric Cheng,Carsome,0,0,0,0
Spencer Hutchins,Reflexion Health,0,0,0,0
Andrea Anderheggen,Shopgate,0,0,0,0
Shawn Carpenter,RepIQ,0,0,0,0
Emily Greer,Kongregate,0,0,0,0
Jacob Taylor,"Replicat, Inc.",0,0,0,0
John Belizaire,FirstBest,0,0,0,0
Giles Palmer,Brandwatch,0,0,0,0
Rashid Mansoor,Hadean,0,0,0,0
Alexis Prenn,Receipt Bank,0,0,0,0
Ben Bernstein,Twistlock,0,0,0,0
Aaron Schildkrout,HowAboutWe,0,0,0,0
Russell Fradin,Dynamic Signal,0,0,0,0
Ryan Simonetti,Convene,0,0,0,0
Erik PfannmÃ¶ller,fredknows.IT,0,0,0,0
Jay Whitehead,LeagueNetwork.com,0,0,0,0
Simon Fabich,MONOQI,0,0,0,0
Jared Schrieber,InfoScout,0,0,0,0
Sachin Kamdar,Parsely,0,0,0,0
Michael Cluzel,Eatigo,0,0,0,0
Uri Alter,Cyvera,0,0,0,0
Guy Miasnik,AtHoc,0,0,0,0
Ernest Loumaye,ObsEva,0,0,0,0
Deepak Agarwal,Choxi,0,0,0,0
Mallik Sundaram,Mitra Biotech,0,0,0,0
David Perry,Gaikai,0,0,0,0
Jean-Daniel Guyot,Trainline France,0,0,0,0
Grant L. Verstandig,Audax Health Solutions,0,0,0,0
Kreg Peeler,SpinGo,0,0,0,0
Anurag Dod,AdIQuity,0,0,0,0
Abdul Naushad,PayCommerce,0,0,0,0
Srikanth Iyer,homelane,0,0,0,0
Saar Yoskovitz,Augury,0,0,0,0
Soujanya Bhumkar,Cooliris,0,0,0,0
Eren Ozagir,Push Doctor,0,0,0,0
Ulrik Bo Larsen,Falcon.io,0,0,0,0
Don Mal,Vena Solutions,0,0,0,0
Nikhil Sethi,Adaptly,0,0,0,0
Alex Edelstein,fr8,0,0,0,0
Seunggeon Lee,Viva Republica,0,0,0,0
Ante Krsnanac,Move24,0,0,0,0
Scott Ingraham,Rent.com,0,0,0,0
Bo Lu,FutureAdvisor,0,0,0,0
Orazio Buzza,Fooda,0,0,0,0
Juan Urdiales,Jobandtalent,0,0,0,0
Rachel Carlson,Guild Education,0,0,0,0
Todd Belveal,Washlava,0,0,0,0
J. Venter,Human Longevity,0,0,0,0
Benjamin Cardoso,LeCab,0,0,0,0
Tomer Levy,Logz.io,0,0,0,0
Nick Francis,Help Scout,0,0,0,0
T.J. Clark,TurnKey Vacation Rentals,0,0,0,0
Alessandro Petazzi,Musement,0,0,0,0
Manu Mathew,Visual IQ,0,0,0,0
Bridget Loudon,Expert360,0,0,0,0
Sergiu BiriÈ?,Zonga,0,0,0,0
Stephan Uhrenbacher,FLIO,0,0,0,0
Christian Bogatu,Fresh Energy GmbH,0,0,0,0
Jason Flick,You.i,0,0,0,0
Anand Babu Periasamy,"Minio, Inc.",0,0,0,0
Dror Ben-Naim,Smart Sparrow,0,0,0,0
Sascha Konietzke,Contentful,0,0,0,0
Vinicius Vacanti,YipitData,0,0,0,0
Amit Narayan,Autogrid,0,0,0,0
Georg Petschnigg,FiftyThree,0,0,0,0
Jeffrey Marrazzo,Spark Therapeutics,0,0,0,0
Alex Gorelik,Waterline Data,0,0,0,0
Mitch Butler,MyPurpleFolder,0,0,0,0
David Soloff,Premise,0,0,0,0
Tony Zhao,Agora.io,0,0,0,0
Nathan Eagle,Jana,0,0,0,0
Cormac Kinney,Flont.Club,0,0,0,0
Dorian Selz,Squirro,0,0,0,0
Saurabh Saxena,Holachef,0,0,0,0
Brian Schechter,HowAboutWe,0,0,0,0
Saki Dodelson,Achieve3000,0,0,0,0
Vadim Polikov,Direct Energy Solar,0,0,0,0
Michael Topolovac,CRAVE,0,0,0,0
Kumar Mehta,Versa Networks,0,0,0,0
Rami Sass,WhiteSource,0,0,0,0
Abhishek Bansal,Shadowfax Technologies,0,0,0,0
Paulo Veras,99,0,0,0,0
Bram de Zwart,3D Hubs,0,0,0,0
Jay Desai,PatientPing,0,0,0,0
Ethan Song,Frank & Oak,0,0,0,0
Bob Richards,"Moon Express, Inc.",0,0,0,0
Amit Chatterjee,Leap Commerce,0,0,0,0
Andrej Henkler,Leblon Capital,0,0,0,0
Michael Carvin,SmartAsset,0,0,0,0
Guilherme Mynssen,ChefsClub,0,0,0,0
Asaf Somekh,iguazio,0,0,0,0
Ran Sarig,Datorama,0,0,0,0
Ditlev Bredahl,OnApp,0,0,0,0
Wen Chu,GWC,0,0,0,0
Justin Bedecarre,HelloOffice,0,0,0,0
Sam Lee,FleetUp,0,0,0,0
Maaz Sheikh,STARZ PLAY,0,0,0,0
Steven Smith,Finicity,0,0,0,0
Demet Suzan Mutlu,Trendyol Group,0,0,0,0
Gregg Sando,Cell Medica,0,0,0,0
Shaukat Shamim,YouPlus,0,0,0,0
Jason Brown,Tally Technologies,0,0,0,0
Roman Tsunder,PTTOW!,0,0,0,0
Jens Begemann,Wooga,0,0,0,0
Ameesh Paleja,Atom Tickets,0,0,0,0
Mark T. Lynn,DSTLD,0,0,0,0
Chris Giordano,MiMedia,0,0,0,0
Fred Shilmover,InsightSquared,0,0,0,0
Ruslan Zaydullin,DOC+,0,0,0,0
Don Spear,OpenSesame,0,0,0,0
Ross Shanken,Jornaya,0,0,0,0
Tal Weiss,OverOps,0,0,0,0
Eli Singer,Jethro,0,0,0,0
Hugo Fiennes,Electric Imp,0,0,0,0
Martin Floreani,FloSports,0,0,0,0
Rod Johnson,SpringSource,0,0,0,0
Paul Albright,Captora,0,0,0,0
Matthew Bellows,Yesware,0,0,0,0
Matt Zitzmann,Kamcord,0,0,0,0
Ahmed Alkhatib,MarkaVIP,0,0,0,0
Bonnie Crater,Full Circle Insights,0,0,0,0
Phil Harris,Geofeedia,0,0,0,0
Ari Tulla,BetterDoctor,0,0,0,0
Zohar Dayan,Wibbitz,0,0,0,0
Benny De-Kalo,Worthy,0,0,0,0
Greg Moran,ZoomCar,0,0,0,0
Brian Berger,BDB Ventures,0,0,0,0
Konstantin Urban,Windeln.de,0,0,0,0
Asi Sharabi,Wonderbly,0,0,0,0
Michael Huang,Glow,0,0,0,0
Manan Khurma,CueLearn/Cuemath,0,0,0,0
Omer Artun,AgilOne,0,0,0,0
Ben Katz,CARD.com,0,0,0,0
Jeffrey Tiong,Patsnap,0,0,0,0
John Ham,Ustream,0,0,0,0
Arnaud Bertrand,HouseTrip,0,0,0,0
Gil Shoham,Supersonic,0,0,0,0
Rick Orr,Real Savvy,0,0,0,0
Brian NeSmith,Arctic Wolf Networks,0,0,0,0
Nicholas Rellas,Drizly,0,0,0,0
Erik Eliason,storefront,0,0,0,0
Eric Greenberg,Wrap Media,0,0,0,0
Sajith Wickramasekara,Benchling,0,0,0,0
Dan Hu,Omni Prime Inc.,0,0,0,0
Chandran Sankaran,Zyme Solutions,0,0,0,0
Inder Singh,Kinsa,0,0,0,0
Alex Freedland,Mirantis,0,0,0,0
Daniel Hegarty,Habito,0,0,0,0
Jonathan Benhamou,PeopleDoc,0,0,0,0
Sam Chandler,Nitro,0,0,0,0
James Foster,ZeroFOX,0,0,0,0
Gregory Mark,Markforged,0,0,0,0
Frank Bober,Stylesight,0,0,0,0
Russell Quirk,eMoov,0,0,0,0
Mathieu Nouzareth,Boonty,0,0,0,0
Jim Gilliam,NationBuilder,0,0,0,0
Babur Ozden,Maana,0,0,0,0
Jason Oberfest,Mango Health,0,0,0,0
Anton Rummel,Move24,0,0,0,0
Sim Shagaya,Konga Online Shopping Limited,0,0,0,0
Denise Thomas,ApplePie Capital,0,0,0,0
Igal Raichelgauz,Cortica,0,0,0,0
Avner Ronen,Boxee,0,0,0,0
Javier Soltero,Acompli,0,0,0,0
Alberto Sheinfeld,Payfully,0,0,0,0
Olivier Goy,Lendix,0,0,0,0
Tom Allason,Shutl,0,0,0,0
Tony Mamone,Livingly Media,0,0,0,0
Darren Bounds,Breezy HR,0,0,0,0
Jody Glidden,Introhive,0,0,0,0
Ted Sullivan,GameChanger Media,0,0,0,0
Juha Koponen,Swap.com,0,0,0,0
John West,Whistle Sports,0,0,0,0
Henry Shao,"Zippia, Inc.",0,0,0,0
Oren Levy,Zooz,0,0,0,0
Mike Whitmire,FloQast,0,0,0,0
Matiss Ansviesulis,Creamfinance,0,0,0,0
John S. Kim,SendBird,0,0,0,0
Sean Grundy,Bevi,0,0,0,0
Ran Harnevo,Homeis,0,0,0,0
Nessan Bermingham,Intellia Therapeutics,0,0,0,0
Jud Bowman,Appia,0,0,0,0
Seth Lieberman,SnapApp,0,0,0,0
Timothy Chi,WeddingWire,0,0,0,0
Neeraj Jain,Zopper,0,0,0,0
Assaf Resnick,BigPanda,0,0,0,0
Robert MuÃ±oz,Typeform,0,0,0,0
Narges Bani Asadi,Bina Technologies,0,0,0,0
Lisa Gersh,Goop Inc.,0,0,0,0
Holger Seim,Blinkist,0,0,0,0
Adam Schoenfeld,Siftrock,0,0,0,0
Scott Crouch,Mark43,0,0,0,0
Brett Schulman,Cava Grill,0,0,0,0
Kyle Ransford,Chef'd,0,0,0,0
Samantha DU,ZAI Lab,0,0,0,0
Toby Olshanetsky,prooV,0,0,0,0
Rishi Israni,Zimplistic,0,0,0,0
Spencer Kimball,Cockroach Labs,0,0,0,0
Rani Wellingstein,Oryx Vision,0,0,0,0
Eldar Tuvey,Wandera,0,0,0,0
Brandon Rodman,Weave,0,0,0,0
Adrien Nussenbaum,Mirakl,0,0,0,0
Nathan Burba,Survios,0,0,0,0
Chet Kanojia,Aereo,0,0,0,0
Geoff Allen,Lookbk,0,0,0,0
Jeff Flowers,SageCloud,0,0,0,0
Scot Chisholm,Classy,0,0,0,0
Damian Kimmelman,DueDil,0,0,0,0
Erik Fairbairn,Pod Point,0,0,0,0
Anil Mathews,Near,0,0,0,0
Alejandro Cosentino,Afluenta,0,0,0,0
Osama Elkady,INCORTA,0,0,0,0
David Ronick,Stash,0,0,0,0
Kevin Lustig,Scientist.com (formerly Assay Depot),0,0,0,0
Zachary Goldstein,Thanx,0,0,0,0
David Sosna,Personetics Technologies,0,0,0,0
Glen Coates,Handshake,0,0,0,0
Samay Kohli,GreyOrange,0,0,0,0
Sampad Swain,Instamojo,0,0,0,0
Tim Weingarten,The Hunt,0,0,0,0
B. Evan Burns,Odyssey,0,0,0,0
Benzi Ronen,Farmigo,0,0,0,0
Jay Radia,Yieldify,0,0,0,0
Rujul Zaparde,FlightCar,0,0,0,0
Aldi Haryopratomo,PT RUMA,0,0,0,0
Reza Mohsin,Speakeasy,0,0,0,0
Brad Jefferson,Animoto,0,0,0,0
George Bousis,Raise Marketplace,0,0,0,0
Liang Lu,5miles,0,0,0,0
Patrick Bosworth,Duetto,0,0,0,0
Javier de la Torre,CARTO,0,0,0,0
Musthafa Pc,iD Fresh Food,0,0,0,0
Aaron Gowell,SilverRail Technologies,0,0,0,0
Blake Hall,ID.me,0,0,0,0
Adam Odessky,Sense.ly,0,0,0,0
Luuc Elzinga,Tiqets,0,0,0,0
Daniela Perdomo,GoTenna,0,0,0,0
IÃ±igo Juantegui,OnTruck,0,0,0,0
Maxim Lobovsky,Formlabs,0,0,0,0
Jason Liebman,Howcast,0,0,0,0
Simon Davies,Yakatak,0,0,0,0
Gene Wang,People Power,0,0,0,0
Adi Sharabani,Skycure,0,0,0,0
Angelo Sotira,DeviantArt,0,0,0,0
Sidar Sahin,Peak Games,0,0,0,0
Sasan Amini,Clear Labs,0,0,0,0
Rowan Gormley,Naked Wines,0,0,0,0
Mike Hurst,Exactuals,0,0,0,0
